{
	"credit": "Made with Blockbench",
	"texture_size": [32, 32],
	"textures": {
		"0": "block/crystal_main",
		"particle": "block/crystal_main"
	},
	"elements": [
		{
			"from": [6, 0, 6],
			"to": [10, 2, 10],
			"faces": {
				"north": {"uv": [0, 0, 2, 1], "texture": "#0"},
				"east": {"uv": [0, 0, 2, 1], "texture": "#0"},
				"south": {"uv": [0, 0, 2, 1], "texture": "#0"},
				"west": {"uv": [0, 0, 2, 1], "texture": "#0"},
				"up": {"uv": [0, 0, 2, 2], "texture": "#0"},
				"down": {"uv": [0, 0, 2, 2], "texture": "#0"}
			}
		},
		{
			"from": [5, 2, 5],
			"to": [11, 4, 11],
			"faces": {
				"north": {"uv": [0, 0, 3, 1], "texture": "#0"},
				"east": {"uv": [0, 0, 3, 1], "texture": "#0"},
				"south": {"uv": [0, 0, 3, 1], "texture": "#0"},
				"west": {"uv": [0, 0, 3, 1], "texture": "#0"},
				"up": {"uv": [0, 0, 3, 3], "texture": "#0"},
				"down": {"uv": [0, 0, 3, 3], "texture": "#0"}
			}
		},
		{
			"from": [4, 4, 4],
			"to": [12, 6, 12],
			"faces": {
				"north": {"uv": [0, 0, 4, 1], "texture": "#0"},
				"east": {"uv": [0, 0, 4, 1], "texture": "#0"},
				"south": {"uv": [0, 0, 4, 1], "texture": "#0"},
				"west": {"uv": [0, 0, 4, 1], "texture": "#0"},
				"up": {"uv": [0, 0, 4, 4], "texture": "#0"},
				"down": {"uv": [0, 0, 4, 4], "texture": "#0"}
			}
		},
		{
			"from": [3, 2, 8],
			"to": [4, 8, 14],
			"rotation": {"angle": -22.5, "axis": "x", "origin": [0, 0, 0]},
			"faces": {
				"north": {"uv": [0, 0, 0.5, 3], "texture": "#0"},
				"east": {"uv": [0, 0, 3, 3], "texture": "#0"},
				"south": {"uv": [0, 0, 0.5, 3], "texture": "#0"},
				"west": {"uv": [0, 0, 3, 3], "texture": "#0"},
				"up": {"uv": [0, 0, 0.5, 3], "texture": "#0"},
				"down": {"uv": [0, 0, 0.5, 3], "texture": "#0"}
			}
		},
		{
			"from": [4, 6, 4],
			"to": [6, 13, 12],
			"faces": {
				"north": {"uv": [0, 0, 1, 3.5], "texture": "#0"},
				"east": {"uv": [0, 0, 4, 3.5], "texture": "#0"},
				"south": {"uv": [0, 0, 1, 3.5], "texture": "#0"},
				"west": {"uv": [0, 0, 4, 3.5], "texture": "#0"},
				"up": {"uv": [0, 0, 1, 4], "texture": "#0"},
				"down": {"uv": [0, 0, 1, 4], "texture": "#0"}
			}
		},
		{
			"from": [8, 1, 12],
			"to": [13, 9, 13],
			"rotation": {"angle": 22.5, "axis": "z", "origin": [0, 0, 0]},
			"faces": {
				"north": {"uv": [0, 0, 2.5, 4], "texture": "#0"},
				"east": {"uv": [0, 0, 0.5, 4], "texture": "#0"},
				"south": {"uv": [0, 0, 2.5, 4], "texture": "#0"},
				"west": {"uv": [0, 0, 0.5, 4], "texture": "#0"},
				"up": {"uv": [0, 0, 2.5, 0.5], "texture": "#0"},
				"down": {"uv": [0, 0, 2.5, 0.5], "texture": "#0"}
			}
		},
		{
			"from": [6, 6, 10],
			"to": [12, 13, 12],
			"faces": {
				"north": {"uv": [0, 0, 3, 3.5], "texture": "#0"},
				"east": {"uv": [0, 0, 1, 3.5], "texture": "#0"},
				"south": {"uv": [0, 0, 3, 3.5], "texture": "#0"},
				"west": {"uv": [0, 0, 1, 3.5], "texture": "#0"},
				"up": {"uv": [0, 0, 3, 1], "texture": "#0"},
				"down": {"uv": [0, 0, 3, 1], "texture": "#0"}
			}
		},
		{
			"from": [12, 3, 8],
			"to": [13, 8, 14],
			"rotation": {"angle": -22.5, "axis": "x", "origin": [0, 0, 0]},
			"faces": {
				"north": {"uv": [0, 0, 0.5, 2.5], "texture": "#0"},
				"east": {"uv": [0, 0, 3, 2.5], "texture": "#0"},
				"south": {"uv": [0, 0, 0.5, 2.5], "texture": "#0"},
				"west": {"uv": [0, 0, 3, 2.5], "texture": "#0"},
				"up": {"uv": [0, 0, 0.5, 3], "texture": "#0"},
				"down": {"uv": [0, 0, 0.5, 3], "texture": "#0"}
			}
		},
		{
			"from": [10, 6, 4],
			"to": [12, 13, 10],
			"faces": {
				"north": {"uv": [0, 0, 1, 3.5], "texture": "#0"},
				"east": {"uv": [0, 0, 3, 3.5], "texture": "#0"},
				"south": {"uv": [0, 0, 1, 3.5], "texture": "#0"},
				"west": {"uv": [0, 0, 3, 3.5], "texture": "#0"},
				"up": {"uv": [0, 0, 1, 3], "texture": "#0"},
				"down": {"uv": [0, 0, 1, 3], "texture": "#0"}
			}
		},
		{
			"from": [6, 6, 6],
			"to": [10, 15, 10],
			"faces": {
				"north": {"uv": [0, 0, 2, 4.5], "texture": "#0"},
				"east": {"uv": [2, 0, 4, 4.5], "texture": "#0"},
				"south": {"uv": [4, 0, 6, 4.5], "texture": "#0"},
				"west": {"uv": [0, 4.5, 2, 9], "texture": "#0"},
				"up": {"uv": [4, 6.5, 2, 4.5], "texture": "#0"},
				"down": {"uv": [6, 4.5, 4, 6.5], "texture": "#0"}
			}
		},
		{
			"from": [6, 6, 4],
			"to": [10, 13, 6],
			"faces": {
				"north": {"uv": [0, 0, 2, 3.5], "texture": "#0"},
				"east": {"uv": [0, 0, 1, 3.5], "texture": "#0"},
				"south": {"uv": [0, 0, 2, 3.5], "texture": "#0"},
				"west": {"uv": [0, 0, 1, 3.5], "texture": "#0"},
				"up": {"uv": [0, 0, 2, 1], "texture": "#0"},
				"down": {"uv": [0, 0, 2, 1], "texture": "#0"}
			}
		},
		{
			"from": [8, 3, 3],
			"to": [13, 7, 4],
			"rotation": {"angle": 22.5, "axis": "z", "origin": [0, 0, 0]},
			"faces": {
				"north": {"uv": [0, 0, 2.5, 2], "texture": "#0"},
				"east": {"uv": [0, 0, 0.5, 2], "texture": "#0"},
				"south": {"uv": [0, 0, 2.5, 2], "texture": "#0"},
				"west": {"uv": [0, 0, 0.5, 2], "texture": "#0"},
				"up": {"uv": [0, 0, 2.5, 0.5], "texture": "#0"},
				"down": {"uv": [0, 0, 2.5, 0.5], "texture": "#0"}
			}
		}
	],
	"display": {
		"thirdperson_righthand": {
			"rotation": [180, 0, 0],
			"scale": [0.75, 0.75, 0.75]
		},
		"thirdperson_lefthand": {
			"rotation": [180, 0, 0],
			"scale": [0.75, 0.75, 0.75]
		},
		"firstperson_righthand": {
			"rotation": [180, 0, 0],
			"scale": [0.75, 0.75, 0.75]
		},
		"firstperson_lefthand": {
			"rotation": [180, 0, 0],
			"scale": [0.75, 0.75, 0.75]
		},
		"ground": {
			"rotation": [180, 0, 0]
		},
		"gui": {
			"rotation": [180, 47, 24]
		},
		"head": {
			"rotation": [180, 0, 0],
			"scale": [0.75, 0.75, 0.75]
		},
		"fixed": {
			"rotation": [180, 0, 0]
		}
	}
}