{
	"credit": "Made with Blockbench",
	"texture_size": [32, 32],
	"textures": {
		"0": "block/cowboy",
		"particle": "block/cowboy"
	},
	"elements": [
		{
			"from": [0, 0, 0],
			"to": [14, 2, 16],
			"faces": {
				"north": {"uv": [0, 0, 7, 1], "texture": "#0"},
				"east": {"uv": [0, 0, 8, 1], "texture": "#0"},
				"south": {"uv": [0, 0, 7, 1], "texture": "#0"},
				"west": {"uv": [0, 0, 8, 1], "texture": "#0"},
				"up": {"uv": [0, 0, 7, 8], "texture": "#0"},
				"down": {"uv": [0, 0, 7, 8], "texture": "#0"}
			}
		},
		{
			"from": [1.5, 2, 3],
			"to": [12.5, 4, 14],
			"faces": {
				"north": {"uv": [5.5, 0, 11, 1], "texture": "#0"},
				"east": {"uv": [5.5, 1, 11, 2], "texture": "#0"},
				"south": {"uv": [5.5, 2, 11, 3], "texture": "#0"},
				"west": {"uv": [5.5, 3, 11, 4], "texture": "#0"},
				"up": {"uv": [5.5, 5.5, 0, 0], "texture": "#0"},
				"down": {"uv": [5.5, 5.5, 0, 11], "texture": "#0"}
			}
		},
		{
			"from": [14, 2, 0],
			"to": [16, 4, 16],
			"faces": {
				"north": {"uv": [0, 0, 1, 1], "texture": "#0"},
				"east": {"uv": [0, 0, 8, 1], "texture": "#0"},
				"south": {"uv": [0, 0, 1, 1], "texture": "#0"},
				"west": {"uv": [0, 0, 8, 1], "texture": "#0"},
				"up": {"uv": [0, 0, 1, 8], "texture": "#0"},
				"down": {"uv": [0, 0, 1, 8], "texture": "#0"}
			}
		}
	],
	"display": {
		"head": {
			"translation": [0.5, 12.75, 0]
		}
	}
}