{
	"credit": "Made with Blockbench",
	"texture_size": [32, 32],
	"textures": {
		"0": "block/mix",
		"particle": "block/mix"
	},
	"elements": [
		{
			"from": [7, 0, 3],
			"to": [14, 1, 13],
			"faces": {
				"north": {"uv": [0, 5.5, 3, 6], "texture": "#0"},
				"east": {"uv": [0, 5, 5, 5.5], "texture": "#0"},
				"south": {"uv": [3, 5.5, 6, 6], "texture": "#0"},
				"west": {"uv": [5, 5, 10, 5.5], "texture": "#0"},
				"up": {"uv": [3, 5, 0, 0], "texture": "#0"},
				"down": {"uv": [6, 0, 3, 5], "texture": "#0"}
			}
		},
		{
			"from": [2, 0, 4],
			"to": [7, 1, 15],
			"faces": {
				"north": {"uv": [0, 0, 2.5, 0.5], "texture": "#0"},
				"east": {"uv": [0, 0, 5.5, 0.5], "texture": "#0"},
				"south": {"uv": [0, 0, 2.5, 0.5], "texture": "#0"},
				"west": {"uv": [0, 0, 5.5, 0.5], "texture": "#0"},
				"up": {"uv": [0, 0, 2.5, 5.5], "texture": "#0"},
				"down": {"uv": [0, 0, 2.5, 5.5], "texture": "#0"}
			}
		},
		{
			"from": [5, 1, 5],
			"to": [11, 2, 12],
			"faces": {
				"north": {"uv": [0, 0, 3, 0.5], "texture": "#0"},
				"east": {"uv": [0, 0, 3.5, 0.5], "texture": "#0"},
				"south": {"uv": [0, 0, 3, 0.5], "texture": "#0"},
				"west": {"uv": [0, 0, 3.5, 0.5], "texture": "#0"},
				"up": {"uv": [0, 0, 3, 3.5], "texture": "#0"},
				"down": {"uv": [0, 0, 3, 3.5], "texture": "#0"}
			}
		}
	],
	"display": {
		"thirdperson_righthand": {
			"translation": [0, 7, 0]
		},
		"thirdperson_lefthand": {
			"translation": [0, 7, 0]
		},
		"firstperson_righthand": {
			"translation": [0, 7, 0]
		},
		"firstperson_lefthand": {
			"translation": [0, 7, 0]
		},
		"ground": {
			"translation": [0, 7, 0]
		},
		"gui": {
			"rotation": [90, 0, 0]
		},
		"head": {
			"translation": [0, 7, 0]
		},
		"fixed": {
			"rotation": [90, 0, 0],
			"translation": [0, 0, 6]
		}
	}
}