{
	"credit": "Made with Blockbench",
	"textures": {
		"0": "block/black_dragon",
		"1": "block/gray_dragon",
		"2": "block/dark_gray_dragon",
		"3": "block/purple_dragon",
		"4": "block/magenta_dragon",
		"5": "block/dark_magenta_dragon",
		"6": "block/pink_dragon",
		"particle": "block/black_dragon"
	},
	"elements": [
		{
			"from": [0, 0, 7],
			"to": [1, 1, 8],
			"faces": {
				"north": {"uv": [0, 0, 1, 1], "texture": "#0"},
				"east": {"uv": [0, 0, 1, 1], "texture": "#0"},
				"south": {"uv": [0, 0, 1, 1], "texture": "#0"},
				"west": {"uv": [0, 0, 1, 1], "texture": "#0"},
				"up": {"uv": [0, 0, 1, 1], "texture": "#0"},
				"down": {"uv": [0, 0, 1, 1], "texture": "#0"}
			}
		},
		{
			"from": [3, 8, 7],
			"to": [4, 9, 8],
			"faces": {
				"north": {"uv": [0, 0, 1, 1], "texture": "#0"},
				"east": {"uv": [0, 0, 1, 1], "texture": "#0"},
				"south": {"uv": [0, 0, 1, 1], "texture": "#0"},
				"west": {"uv": [0, 0, 1, 1], "texture": "#0"},
				"up": {"uv": [0, 0, 1, 1], "texture": "#0"},
				"down": {"uv": [0, 0, 1, 1], "texture": "#0"}
			}
		},
		{
			"from": [2, 8, 7],
			"to": [3, 9, 8],
			"faces": {
				"north": {"uv": [0, 0, 1, 1], "texture": "#0"},
				"east": {"uv": [0, 0, 1, 1], "texture": "#0"},
				"south": {"uv": [0, 0, 1, 1], "texture": "#0"},
				"west": {"uv": [0, 0, 1, 1], "texture": "#0"},
				"up": {"uv": [0, 0, 1, 1], "texture": "#0"},
				"down": {"uv": [0, 0, 1, 1], "texture": "#0"}
			}
		},
		{
			"from": [3, 9, 7],
			"to": [4, 10, 8],
			"faces": {
				"north": {"uv": [0, 0, 1, 1], "texture": "#0"},
				"east": {"uv": [0, 0, 1, 1], "texture": "#0"},
				"south": {"uv": [0, 0, 1, 1], "texture": "#0"},
				"west": {"uv": [0, 0, 1, 1], "texture": "#0"},
				"up": {"uv": [0, 0, 1, 1], "texture": "#0"},
				"down": {"uv": [0, 0, 1, 1], "texture": "#0"}
			}
		},
		{
			"from": [3, 10, 7],
			"to": [4, 11, 8],
			"faces": {
				"north": {"uv": [0, 0, 1, 1], "texture": "#0"},
				"east": {"uv": [0, 0, 1, 1], "texture": "#0"},
				"south": {"uv": [0, 0, 1, 1], "texture": "#0"},
				"west": {"uv": [0, 0, 1, 1], "texture": "#0"},
				"up": {"uv": [0, 0, 1, 1], "texture": "#0"},
				"down": {"uv": [0, 0, 1, 1], "texture": "#0"}
			}
		},
		{
			"from": [3, 11, 7],
			"to": [4, 12, 8],
			"faces": {
				"north": {"uv": [0, 0, 1, 1], "texture": "#0"},
				"east": {"uv": [0, 0, 1, 1], "texture": "#0"},
				"south": {"uv": [0, 0, 1, 1], "texture": "#0"},
				"west": {"uv": [0, 0, 1, 1], "texture": "#0"},
				"up": {"uv": [0, 0, 1, 1], "texture": "#0"},
				"down": {"uv": [0, 0, 1, 1], "texture": "#0"}
			}
		},
		{
			"from": [4, 12, 7],
			"to": [5, 13, 8],
			"faces": {
				"north": {"uv": [0, 0, 1, 1], "texture": "#0"},
				"east": {"uv": [0, 0, 1, 1], "texture": "#0"},
				"south": {"uv": [0, 0, 1, 1], "texture": "#0"},
				"west": {"uv": [0, 0, 1, 1], "texture": "#0"},
				"up": {"uv": [0, 0, 1, 1], "texture": "#0"},
				"down": {"uv": [0, 0, 1, 1], "texture": "#0"}
			}
		},
		{
			"from": [8, 3, 7],
			"to": [9, 4, 8],
			"faces": {
				"north": {"uv": [0, 0, 1, 1], "texture": "#0"},
				"east": {"uv": [0, 0, 1, 1], "texture": "#0"},
				"south": {"uv": [0, 0, 1, 1], "texture": "#0"},
				"west": {"uv": [0, 0, 1, 1], "texture": "#0"},
				"up": {"uv": [0, 0, 1, 1], "texture": "#0"},
				"down": {"uv": [0, 0, 1, 1], "texture": "#0"}
			}
		},
		{
			"from": [8, 2, 7],
			"to": [9, 3, 8],
			"faces": {
				"north": {"uv": [0, 0, 1, 1], "texture": "#0"},
				"east": {"uv": [0, 0, 1, 1], "texture": "#0"},
				"south": {"uv": [0, 0, 1, 1], "texture": "#0"},
				"west": {"uv": [0, 0, 1, 1], "texture": "#0"},
				"up": {"uv": [0, 0, 1, 1], "texture": "#0"},
				"down": {"uv": [0, 0, 1, 1], "texture": "#0"}
			}
		},
		{
			"from": [9, 3, 7],
			"to": [10, 4, 8],
			"faces": {
				"north": {"uv": [0, 0, 1, 1], "texture": "#0"},
				"east": {"uv": [0, 0, 1, 1], "texture": "#0"},
				"south": {"uv": [0, 0, 1, 1], "texture": "#0"},
				"west": {"uv": [0, 0, 1, 1], "texture": "#0"},
				"up": {"uv": [0, 0, 1, 1], "texture": "#0"},
				"down": {"uv": [0, 0, 1, 1], "texture": "#0"}
			}
		},
		{
			"from": [10, 3, 7],
			"to": [11, 4, 8],
			"faces": {
				"north": {"uv": [0, 0, 1, 1], "texture": "#0"},
				"east": {"uv": [0, 0, 1, 1], "texture": "#0"},
				"south": {"uv": [0, 0, 1, 1], "texture": "#0"},
				"west": {"uv": [0, 0, 1, 1], "texture": "#0"},
				"up": {"uv": [0, 0, 1, 1], "texture": "#0"},
				"down": {"uv": [0, 0, 1, 1], "texture": "#0"}
			}
		},
		{
			"from": [11, 3, 7],
			"to": [12, 4, 8],
			"faces": {
				"north": {"uv": [0, 0, 1, 1], "texture": "#0"},
				"east": {"uv": [0, 0, 1, 1], "texture": "#0"},
				"south": {"uv": [0, 0, 1, 1], "texture": "#0"},
				"west": {"uv": [0, 0, 1, 1], "texture": "#0"},
				"up": {"uv": [0, 0, 1, 1], "texture": "#0"},
				"down": {"uv": [0, 0, 1, 1], "texture": "#0"}
			}
		},
		{
			"from": [12, 4, 7],
			"to": [13, 5, 8],
			"faces": {
				"north": {"uv": [0, 0, 1, 1], "texture": "#0"},
				"east": {"uv": [0, 0, 1, 1], "texture": "#0"},
				"south": {"uv": [0, 0, 1, 1], "texture": "#0"},
				"west": {"uv": [0, 0, 1, 1], "texture": "#0"},
				"up": {"uv": [0, 0, 1, 1], "texture": "#0"},
				"down": {"uv": [0, 0, 1, 1], "texture": "#0"}
			}
		},
		{
			"from": [11, 5, 7],
			"to": [12, 6, 8],
			"faces": {
				"north": {"uv": [0, 0, 1, 1], "texture": "#0"},
				"east": {"uv": [0, 0, 1, 1], "texture": "#0"},
				"south": {"uv": [0, 0, 1, 1], "texture": "#0"},
				"west": {"uv": [0, 0, 1, 1], "texture": "#0"},
				"up": {"uv": [0, 0, 1, 1], "texture": "#0"},
				"down": {"uv": [0, 0, 1, 1], "texture": "#0"}
			}
		},
		{
			"from": [5, 11, 7],
			"to": [6, 12, 8],
			"faces": {
				"north": {"uv": [0, 0, 1, 1], "texture": "#0"},
				"east": {"uv": [0, 0, 1, 1], "texture": "#0"},
				"south": {"uv": [0, 0, 1, 1], "texture": "#0"},
				"west": {"uv": [0, 0, 1, 1], "texture": "#0"},
				"up": {"uv": [0, 0, 1, 1], "texture": "#0"},
				"down": {"uv": [0, 0, 1, 1], "texture": "#0"}
			}
		},
		{
			"from": [4, 10, 7],
			"to": [5, 11, 8],
			"faces": {
				"north": {"uv": [0, 0, 1, 1], "texture": "#0"},
				"east": {"uv": [0, 0, 1, 1], "texture": "#0"},
				"south": {"uv": [0, 0, 1, 1], "texture": "#0"},
				"west": {"uv": [0, 0, 1, 1], "texture": "#0"},
				"up": {"uv": [0, 0, 1, 1], "texture": "#0"},
				"down": {"uv": [0, 0, 1, 1], "texture": "#0"}
			}
		},
		{
			"from": [10, 4, 7],
			"to": [11, 5, 8],
			"faces": {
				"north": {"uv": [0, 0, 1, 1], "texture": "#0"},
				"east": {"uv": [0, 0, 1, 1], "texture": "#0"},
				"south": {"uv": [0, 0, 1, 1], "texture": "#0"},
				"west": {"uv": [0, 0, 1, 1], "texture": "#0"},
				"up": {"uv": [0, 0, 1, 1], "texture": "#0"},
				"down": {"uv": [0, 0, 1, 1], "texture": "#0"}
			}
		},
		{
			"from": [0, 1, 7],
			"to": [1, 2, 8],
			"faces": {
				"north": {"uv": [0, 0, 1, 1], "texture": "#0"},
				"east": {"uv": [0, 0, 1, 1], "texture": "#0"},
				"south": {"uv": [0, 0, 1, 1], "texture": "#0"},
				"west": {"uv": [0, 0, 1, 1], "texture": "#0"},
				"up": {"uv": [0, 0, 1, 1], "texture": "#0"},
				"down": {"uv": [0, 0, 1, 1], "texture": "#0"}
			}
		},
		{
			"from": [1, 0, 7],
			"to": [2, 1, 8],
			"faces": {
				"north": {"uv": [0, 0, 1, 1], "texture": "#0"},
				"east": {"uv": [0, 0, 1, 1], "texture": "#0"},
				"south": {"uv": [0, 0, 1, 1], "texture": "#0"},
				"west": {"uv": [0, 0, 1, 1], "texture": "#0"},
				"up": {"uv": [0, 0, 1, 1], "texture": "#0"},
				"down": {"uv": [0, 0, 1, 1], "texture": "#0"}
			}
		},
		{
			"from": [6, 4, 7],
			"to": [7, 5, 8],
			"faces": {
				"north": {"uv": [0, 0, 1, 1], "texture": "#0"},
				"east": {"uv": [0, 0, 1, 1], "texture": "#0"},
				"south": {"uv": [0, 0, 1, 1], "texture": "#0"},
				"west": {"uv": [0, 0, 1, 1], "texture": "#0"},
				"up": {"uv": [0, 0, 1, 1], "texture": "#0"},
				"down": {"uv": [0, 0, 1, 1], "texture": "#0"}
			}
		},
		{
			"from": [7, 4, 7],
			"to": [8, 5, 8],
			"faces": {
				"north": {"uv": [0, 0, 1, 1], "texture": "#0"},
				"east": {"uv": [0, 0, 1, 1], "texture": "#0"},
				"south": {"uv": [0, 0, 1, 1], "texture": "#0"},
				"west": {"uv": [0, 0, 1, 1], "texture": "#0"},
				"up": {"uv": [0, 0, 1, 1], "texture": "#0"},
				"down": {"uv": [0, 0, 1, 1], "texture": "#0"}
			}
		},
		{
			"from": [4, 6, 7],
			"to": [5, 7, 8],
			"faces": {
				"north": {"uv": [0, 0, 1, 1], "texture": "#0"},
				"east": {"uv": [0, 0, 1, 1], "texture": "#0"},
				"south": {"uv": [0, 0, 1, 1], "texture": "#0"},
				"west": {"uv": [0, 0, 1, 1], "texture": "#0"},
				"up": {"uv": [0, 0, 1, 1], "texture": "#0"},
				"down": {"uv": [0, 0, 1, 1], "texture": "#0"}
			}
		},
		{
			"from": [4, 7, 7],
			"to": [5, 8, 8],
			"faces": {
				"north": {"uv": [0, 0, 1, 1], "texture": "#0"},
				"east": {"uv": [0, 0, 1, 1], "texture": "#0"},
				"south": {"uv": [0, 0, 1, 1], "texture": "#0"},
				"west": {"uv": [0, 0, 1, 1], "texture": "#0"},
				"up": {"uv": [0, 0, 1, 1], "texture": "#0"},
				"down": {"uv": [0, 0, 1, 1], "texture": "#0"}
			}
		},
		{
			"from": [1, 2, 7],
			"to": [2, 3, 8],
			"faces": {
				"north": {"uv": [0, 0, 1, 1], "texture": "#0"},
				"east": {"uv": [0, 0, 1, 1], "texture": "#0"},
				"south": {"uv": [0, 0, 1, 1], "texture": "#0"},
				"west": {"uv": [0, 0, 1, 1], "texture": "#0"},
				"up": {"uv": [0, 0, 1, 1], "texture": "#0"},
				"down": {"uv": [0, 0, 1, 1], "texture": "#0"}
			}
		},
		{
			"from": [2, 1, 7],
			"to": [3, 2, 8],
			"faces": {
				"north": {"uv": [0, 0, 1, 1], "texture": "#0"},
				"east": {"uv": [0, 0, 1, 1], "texture": "#0"},
				"south": {"uv": [0, 0, 1, 1], "texture": "#0"},
				"west": {"uv": [0, 0, 1, 1], "texture": "#0"},
				"up": {"uv": [0, 0, 1, 1], "texture": "#0"},
				"down": {"uv": [0, 0, 1, 1], "texture": "#0"}
			}
		},
		{
			"from": [3, 2, 7],
			"to": [4, 3, 8],
			"faces": {
				"north": {"uv": [0, 0, 1, 1], "texture": "#0"},
				"east": {"uv": [0, 0, 1, 1], "texture": "#0"},
				"south": {"uv": [0, 0, 1, 1], "texture": "#0"},
				"west": {"uv": [0, 0, 1, 1], "texture": "#0"},
				"up": {"uv": [0, 0, 1, 1], "texture": "#0"},
				"down": {"uv": [0, 0, 1, 1], "texture": "#0"}
			}
		},
		{
			"from": [2, 3, 7],
			"to": [3, 4, 8],
			"faces": {
				"north": {"uv": [0, 0, 1, 1], "texture": "#0"},
				"east": {"uv": [0, 0, 1, 1], "texture": "#0"},
				"south": {"uv": [0, 0, 1, 1], "texture": "#0"},
				"west": {"uv": [0, 0, 1, 1], "texture": "#0"},
				"up": {"uv": [0, 0, 1, 1], "texture": "#0"},
				"down": {"uv": [0, 0, 1, 1], "texture": "#0"}
			}
		},
		{
			"from": [4, 3, 7],
			"to": [5, 4, 8],
			"faces": {
				"north": {"uv": [0, 0, 1, 1], "texture": "#0"},
				"east": {"uv": [0, 1, 1, 2], "texture": "#0"},
				"south": {"uv": [1, 0, 2, 1], "texture": "#0"},
				"west": {"uv": [1, 1, 2, 2], "texture": "#0"},
				"up": {"uv": [1, 3, 0, 2], "texture": "#0"},
				"down": {"uv": [3, 0, 2, 1], "texture": "#0"}
			}
		},
		{
			"from": [5, 3, 7],
			"to": [6, 4, 8],
			"faces": {
				"north": {"uv": [0, 0, 1, 1], "texture": "#0"},
				"east": {"uv": [0, 0, 1, 1], "texture": "#0"},
				"south": {"uv": [0, 0, 1, 1], "texture": "#0"},
				"west": {"uv": [0, 0, 1, 1], "texture": "#0"},
				"up": {"uv": [0, 0, 1, 1], "texture": "#0"},
				"down": {"uv": [0, 0, 1, 1], "texture": "#0"}
			}
		},
		{
			"from": [8, 7, 7],
			"to": [9, 8, 8],
			"faces": {
				"north": {"uv": [4, 4, 5, 5], "texture": "#0"},
				"east": {"uv": [0, 5, 1, 6], "texture": "#0"},
				"south": {"uv": [5, 0, 6, 1], "texture": "#0"},
				"west": {"uv": [1, 5, 2, 6], "texture": "#0"},
				"up": {"uv": [6, 2, 5, 1], "texture": "#0"},
				"down": {"uv": [3, 5, 2, 6], "texture": "#0"}
			}
		},
		{
			"from": [7, 8, 7],
			"to": [8, 9, 8],
			"faces": {
				"north": {"uv": [1, 4, 2, 5], "texture": "#0"},
				"east": {"uv": [4, 1, 5, 2], "texture": "#0"},
				"south": {"uv": [2, 4, 3, 5], "texture": "#0"},
				"west": {"uv": [4, 2, 5, 3], "texture": "#0"},
				"up": {"uv": [4, 5, 3, 4], "texture": "#0"},
				"down": {"uv": [5, 3, 4, 4], "texture": "#0"}
			}
		},
		{
			"from": [3, 4, 7],
			"to": [4, 5, 8],
			"faces": {
				"north": {"uv": [0, 0, 1, 1], "texture": "#0"},
				"east": {"uv": [0, 0, 1, 1], "texture": "#0"},
				"south": {"uv": [0, 0, 1, 1], "texture": "#0"},
				"west": {"uv": [0, 0, 1, 1], "texture": "#0"},
				"up": {"uv": [0, 0, 1, 1], "texture": "#0"},
				"down": {"uv": [0, 0, 1, 1], "texture": "#0"}
			}
		},
		{
			"from": [3, 5, 7],
			"to": [4, 6, 8],
			"faces": {
				"north": {"uv": [0, 0, 1, 1], "texture": "#0"},
				"east": {"uv": [0, 0, 1, 1], "texture": "#0"},
				"south": {"uv": [0, 0, 1, 1], "texture": "#0"},
				"west": {"uv": [0, 0, 1, 1], "texture": "#0"},
				"up": {"uv": [0, 0, 1, 1], "texture": "#0"},
				"down": {"uv": [0, 0, 1, 1], "texture": "#0"}
			}
		},
		{
			"from": [2, 2, 7],
			"to": [3, 3, 8],
			"faces": {
				"north": {"uv": [0, 0, 1, 1], "texture": "#1"},
				"east": {"uv": [0, 1, 1, 2], "texture": "#1"},
				"south": {"uv": [1, 0, 2, 1], "texture": "#1"},
				"west": {"uv": [1, 1, 2, 2], "texture": "#1"},
				"up": {"uv": [1, 3, 0, 2], "texture": "#1"},
				"down": {"uv": [3, 0, 2, 1], "texture": "#1"}
			}
		},
		{
			"from": [11, 4, 7],
			"to": [12, 5, 8],
			"faces": {
				"north": {"uv": [1, 2, 2, 3], "texture": "#1"},
				"east": {"uv": [2, 1, 3, 2], "texture": "#1"},
				"south": {"uv": [2, 2, 3, 3], "texture": "#1"},
				"west": {"uv": [0, 3, 1, 4], "texture": "#1"},
				"up": {"uv": [4, 1, 3, 0], "texture": "#1"},
				"down": {"uv": [2, 3, 1, 4], "texture": "#1"}
			}
		},
		{
			"from": [4, 11, 7],
			"to": [5, 12, 8],
			"faces": {
				"north": {"uv": [3, 1, 4, 2], "texture": "#1"},
				"east": {"uv": [2, 3, 3, 4], "texture": "#1"},
				"south": {"uv": [3, 2, 4, 3], "texture": "#1"},
				"west": {"uv": [3, 3, 4, 4], "texture": "#1"},
				"up": {"uv": [1, 5, 0, 4], "texture": "#1"},
				"down": {"uv": [5, 0, 4, 1], "texture": "#1"}
			}
		},
		{
			"from": [8, 4, 7],
			"to": [9, 5, 8],
			"faces": {
				"north": {"uv": [5, 2, 6, 3], "texture": "#1"},
				"east": {"uv": [3, 5, 4, 6], "texture": "#1"},
				"south": {"uv": [5, 3, 6, 4], "texture": "#1"},
				"west": {"uv": [4, 5, 5, 6], "texture": "#1"},
				"up": {"uv": [6, 5, 5, 4], "texture": "#1"},
				"down": {"uv": [6, 5, 5, 6], "texture": "#1"}
			}
		},
		{
			"from": [4, 8, 7],
			"to": [5, 9, 8],
			"faces": {
				"north": {"uv": [0, 6, 1, 7], "texture": "#1"},
				"east": {"uv": [6, 0, 7, 1], "texture": "#1"},
				"south": {"uv": [1, 6, 2, 7], "texture": "#1"},
				"west": {"uv": [6, 1, 7, 2], "texture": "#1"},
				"up": {"uv": [3, 7, 2, 6], "texture": "#1"},
				"down": {"uv": [7, 2, 6, 3], "texture": "#1"}
			}
		},
		{
			"from": [4, 4, 7],
			"to": [5, 5, 8],
			"faces": {
				"north": {"uv": [3, 6, 4, 7], "texture": "#1"},
				"east": {"uv": [6, 3, 7, 4], "texture": "#1"},
				"south": {"uv": [4, 6, 5, 7], "texture": "#1"},
				"west": {"uv": [6, 4, 7, 5], "texture": "#1"},
				"up": {"uv": [6, 7, 5, 6], "texture": "#1"},
				"down": {"uv": [7, 5, 6, 6], "texture": "#1"}
			}
		},
		{
			"from": [5, 5, 7],
			"to": [6, 6, 8],
			"faces": {
				"north": {"uv": [6, 6, 7, 7], "texture": "#1"},
				"east": {"uv": [0, 7, 1, 8], "texture": "#1"},
				"south": {"uv": [7, 0, 8, 1], "texture": "#1"},
				"west": {"uv": [1, 7, 2, 8], "texture": "#1"},
				"up": {"uv": [8, 2, 7, 1], "texture": "#1"},
				"down": {"uv": [3, 7, 2, 8], "texture": "#1"}
			}
		},
		{
			"from": [3, 3, 7],
			"to": [4, 4, 8],
			"faces": {
				"north": {"uv": [7, 2, 8, 3], "texture": "#1"},
				"east": {"uv": [3, 7, 4, 8], "texture": "#1"},
				"south": {"uv": [7, 3, 8, 4], "texture": "#1"},
				"west": {"uv": [4, 7, 5, 8], "texture": "#1"},
				"up": {"uv": [8, 5, 7, 4], "texture": "#1"},
				"down": {"uv": [6, 7, 5, 8], "texture": "#1"}
			}
		},
		{
			"from": [1, 1, 7],
			"to": [2, 2, 8],
			"faces": {
				"north": {"uv": [7, 5, 8, 6], "texture": "#1"},
				"east": {"uv": [6, 7, 7, 8], "texture": "#1"},
				"south": {"uv": [7, 6, 8, 7], "texture": "#1"},
				"west": {"uv": [7, 7, 8, 8], "texture": "#1"},
				"up": {"uv": [1, 9, 0, 8], "texture": "#1"},
				"down": {"uv": [9, 0, 8, 1], "texture": "#1"}
			}
		},
		{
			"from": [5, 4, 7],
			"to": [6, 5, 8],
			"faces": {
				"north": {"uv": [0, 0, 1, 1], "texture": "#2"},
				"east": {"uv": [0, 1, 1, 2], "texture": "#2"},
				"south": {"uv": [1, 0, 2, 1], "texture": "#2"},
				"west": {"uv": [1, 1, 2, 2], "texture": "#2"},
				"up": {"uv": [1, 3, 0, 2], "texture": "#2"},
				"down": {"uv": [3, 0, 2, 1], "texture": "#2"}
			}
		},
		{
			"from": [4, 9, 7],
			"to": [5, 10, 8],
			"faces": {
				"north": {"uv": [1, 2, 2, 3], "texture": "#2"},
				"east": {"uv": [2, 1, 3, 2], "texture": "#2"},
				"south": {"uv": [2, 2, 3, 3], "texture": "#2"},
				"west": {"uv": [0, 3, 1, 4], "texture": "#2"},
				"up": {"uv": [4, 1, 3, 0], "texture": "#2"},
				"down": {"uv": [2, 3, 1, 4], "texture": "#2"}
			}
		},
		{
			"from": [9, 4, 7],
			"to": [10, 5, 8],
			"faces": {
				"north": {"uv": [3, 1, 4, 2], "texture": "#2"},
				"east": {"uv": [2, 3, 3, 4], "texture": "#2"},
				"south": {"uv": [3, 2, 4, 3], "texture": "#2"},
				"west": {"uv": [3, 3, 4, 4], "texture": "#2"},
				"up": {"uv": [1, 5, 0, 4], "texture": "#2"},
				"down": {"uv": [5, 0, 4, 1], "texture": "#2"}
			}
		},
		{
			"from": [4, 5, 7],
			"to": [5, 6, 8],
			"faces": {
				"north": {"uv": [1, 4, 2, 5], "texture": "#2"},
				"east": {"uv": [4, 1, 5, 2], "texture": "#2"},
				"south": {"uv": [2, 4, 3, 5], "texture": "#2"},
				"west": {"uv": [4, 2, 5, 3], "texture": "#2"},
				"up": {"uv": [4, 5, 3, 4], "texture": "#2"},
				"down": {"uv": [5, 3, 4, 4], "texture": "#2"}
			}
		},
		{
			"from": [5, 6, 7],
			"to": [6, 7, 8],
			"faces": {
				"north": {"uv": [0, 0, 1, 1], "texture": "#3"},
				"east": {"uv": [0, 1, 1, 2], "texture": "#3"},
				"south": {"uv": [1, 0, 2, 1], "texture": "#3"},
				"west": {"uv": [1, 1, 2, 2], "texture": "#3"},
				"up": {"uv": [1, 3, 0, 2], "texture": "#3"},
				"down": {"uv": [3, 0, 2, 1], "texture": "#3"}
			}
		},
		{
			"from": [5, 8, 7],
			"to": [6, 9, 8],
			"faces": {
				"north": {"uv": [1, 2, 2, 3], "texture": "#3"},
				"east": {"uv": [2, 1, 3, 2], "texture": "#3"},
				"south": {"uv": [2, 2, 3, 3], "texture": "#3"},
				"west": {"uv": [0, 3, 1, 4], "texture": "#3"},
				"up": {"uv": [4, 1, 3, 0], "texture": "#3"},
				"down": {"uv": [2, 3, 1, 4], "texture": "#3"}
			}
		},
		{
			"from": [6, 8, 7],
			"to": [7, 9, 8],
			"faces": {
				"north": {"uv": [3, 1, 4, 2], "texture": "#3"},
				"east": {"uv": [2, 3, 3, 4], "texture": "#3"},
				"south": {"uv": [3, 2, 4, 3], "texture": "#3"},
				"west": {"uv": [3, 3, 4, 4], "texture": "#3"},
				"up": {"uv": [1, 5, 0, 4], "texture": "#3"},
				"down": {"uv": [5, 0, 4, 1], "texture": "#3"}
			}
		},
		{
			"from": [8, 5, 7],
			"to": [9, 6, 8],
			"faces": {
				"north": {"uv": [1, 4, 2, 5], "texture": "#3"},
				"east": {"uv": [4, 1, 5, 2], "texture": "#3"},
				"south": {"uv": [2, 4, 3, 5], "texture": "#3"},
				"west": {"uv": [4, 2, 5, 3], "texture": "#3"},
				"up": {"uv": [4, 5, 3, 4], "texture": "#3"},
				"down": {"uv": [5, 3, 4, 4], "texture": "#3"}
			}
		},
		{
			"from": [8, 6, 7],
			"to": [9, 7, 8],
			"faces": {
				"north": {"uv": [4, 4, 5, 5], "texture": "#3"},
				"east": {"uv": [0, 5, 1, 6], "texture": "#3"},
				"south": {"uv": [5, 0, 6, 1], "texture": "#3"},
				"west": {"uv": [1, 5, 2, 6], "texture": "#3"},
				"up": {"uv": [6, 2, 5, 1], "texture": "#3"},
				"down": {"uv": [3, 5, 2, 6], "texture": "#3"}
			}
		},
		{
			"from": [8, 8, 7],
			"to": [9, 9, 8],
			"faces": {
				"north": {"uv": [4, 4, 5, 5], "texture": "#3"},
				"east": {"uv": [0, 5, 1, 6], "texture": "#3"},
				"south": {"uv": [5, 0, 6, 1], "texture": "#3"},
				"west": {"uv": [1, 5, 2, 6], "texture": "#3"},
				"up": {"uv": [6, 2, 5, 1], "texture": "#3"},
				"down": {"uv": [3, 5, 2, 6], "texture": "#3"}
			}
		},
		{
			"from": [9, 7, 7],
			"to": [10, 8, 8],
			"faces": {
				"north": {"uv": [4, 4, 5, 5], "texture": "#3"},
				"east": {"uv": [0, 5, 1, 6], "texture": "#3"},
				"south": {"uv": [5, 0, 6, 1], "texture": "#3"},
				"west": {"uv": [1, 5, 2, 6], "texture": "#3"},
				"up": {"uv": [6, 2, 5, 1], "texture": "#3"},
				"down": {"uv": [3, 5, 2, 6], "texture": "#3"}
			}
		},
		{
			"from": [7, 9, 7],
			"to": [8, 10, 8],
			"faces": {
				"north": {"uv": [4, 4, 5, 5], "texture": "#3"},
				"east": {"uv": [0, 5, 1, 6], "texture": "#3"},
				"south": {"uv": [5, 0, 6, 1], "texture": "#3"},
				"west": {"uv": [1, 5, 2, 6], "texture": "#3"},
				"up": {"uv": [6, 2, 5, 1], "texture": "#3"},
				"down": {"uv": [3, 5, 2, 6], "texture": "#3"}
			}
		},
		{
			"from": [6, 5, 7],
			"to": [7, 6, 8],
			"faces": {
				"north": {"uv": [5, 2, 6, 3], "texture": "#3"},
				"east": {"uv": [3, 5, 4, 6], "texture": "#3"},
				"south": {"uv": [5, 3, 6, 4], "texture": "#3"},
				"west": {"uv": [4, 5, 5, 6], "texture": "#3"},
				"up": {"uv": [6, 5, 5, 4], "texture": "#3"},
				"down": {"uv": [6, 5, 5, 6], "texture": "#3"}
			}
		},
		{
			"from": [6, 6, 7],
			"to": [7, 7, 8],
			"faces": {
				"north": {"uv": [0, 0, 1, 1], "texture": "#4"},
				"east": {"uv": [0, 1, 1, 2], "texture": "#4"},
				"south": {"uv": [1, 0, 2, 1], "texture": "#4"},
				"west": {"uv": [1, 1, 2, 2], "texture": "#4"},
				"up": {"uv": [1, 3, 0, 2], "texture": "#4"},
				"down": {"uv": [3, 0, 2, 1], "texture": "#4"}
			}
		},
		{
			"from": [10, 8, 7],
			"to": [11, 9, 8],
			"faces": {
				"north": {"uv": [0, 0, 1, 1], "texture": "#4"},
				"east": {"uv": [0, 1, 1, 2], "texture": "#4"},
				"south": {"uv": [1, 0, 2, 1], "texture": "#4"},
				"west": {"uv": [1, 1, 2, 2], "texture": "#4"},
				"up": {"uv": [1, 3, 0, 2], "texture": "#4"},
				"down": {"uv": [3, 0, 2, 1], "texture": "#4"}
			}
		},
		{
			"from": [11, 9, 7],
			"to": [12, 10, 8],
			"faces": {
				"north": {"uv": [0, 0, 1, 1], "texture": "#4"},
				"east": {"uv": [0, 1, 1, 2], "texture": "#4"},
				"south": {"uv": [1, 0, 2, 1], "texture": "#4"},
				"west": {"uv": [1, 1, 2, 2], "texture": "#4"},
				"up": {"uv": [1, 3, 0, 2], "texture": "#4"},
				"down": {"uv": [3, 0, 2, 1], "texture": "#4"}
			}
		},
		{
			"from": [12, 10, 7],
			"to": [13, 11, 8],
			"faces": {
				"north": {"uv": [0, 0, 1, 1], "texture": "#4"},
				"east": {"uv": [0, 1, 1, 2], "texture": "#4"},
				"south": {"uv": [1, 0, 2, 1], "texture": "#4"},
				"west": {"uv": [1, 1, 2, 2], "texture": "#4"},
				"up": {"uv": [1, 3, 0, 2], "texture": "#4"},
				"down": {"uv": [3, 0, 2, 1], "texture": "#4"}
			}
		},
		{
			"from": [13, 11, 7],
			"to": [14, 12, 8],
			"faces": {
				"north": {"uv": [0, 0, 1, 1], "texture": "#4"},
				"east": {"uv": [0, 1, 1, 2], "texture": "#4"},
				"south": {"uv": [1, 0, 2, 1], "texture": "#4"},
				"west": {"uv": [1, 1, 2, 2], "texture": "#4"},
				"up": {"uv": [1, 3, 0, 2], "texture": "#4"},
				"down": {"uv": [3, 0, 2, 1], "texture": "#4"}
			}
		},
		{
			"from": [14, 12, 7],
			"to": [15, 13, 8],
			"faces": {
				"north": {"uv": [0, 0, 1, 1], "texture": "#4"},
				"east": {"uv": [0, 1, 1, 2], "texture": "#4"},
				"south": {"uv": [1, 0, 2, 1], "texture": "#4"},
				"west": {"uv": [1, 1, 2, 2], "texture": "#4"},
				"up": {"uv": [1, 3, 0, 2], "texture": "#4"},
				"down": {"uv": [3, 0, 2, 1], "texture": "#4"}
			}
		},
		{
			"from": [15, 13, 7],
			"to": [16, 14, 8],
			"faces": {
				"north": {"uv": [0, 0, 1, 1], "texture": "#4"},
				"east": {"uv": [0, 1, 1, 2], "texture": "#4"},
				"south": {"uv": [1, 0, 2, 1], "texture": "#4"},
				"west": {"uv": [1, 1, 2, 2], "texture": "#4"},
				"up": {"uv": [1, 3, 0, 2], "texture": "#4"},
				"down": {"uv": [3, 0, 2, 1], "texture": "#4"}
			}
		},
		{
			"from": [16, 14, 7],
			"to": [17, 15, 8],
			"faces": {
				"north": {"uv": [0, 0, 1, 1], "texture": "#4"},
				"east": {"uv": [0, 1, 1, 2], "texture": "#4"},
				"south": {"uv": [1, 0, 2, 1], "texture": "#4"},
				"west": {"uv": [1, 1, 2, 2], "texture": "#4"},
				"up": {"uv": [1, 3, 0, 2], "texture": "#4"},
				"down": {"uv": [3, 0, 2, 1], "texture": "#4"}
			}
		},
		{
			"from": [17, 15, 7],
			"to": [18, 16, 8],
			"faces": {
				"north": {"uv": [0, 0, 1, 1], "texture": "#4"},
				"east": {"uv": [0, 1, 1, 2], "texture": "#4"},
				"south": {"uv": [1, 0, 2, 1], "texture": "#4"},
				"west": {"uv": [1, 1, 2, 2], "texture": "#4"},
				"up": {"uv": [1, 3, 0, 2], "texture": "#4"},
				"down": {"uv": [3, 0, 2, 1], "texture": "#4"}
			}
		},
		{
			"from": [18, 16, 7],
			"to": [19, 17, 8],
			"faces": {
				"north": {"uv": [0, 0, 1, 1], "texture": "#4"},
				"east": {"uv": [0, 1, 1, 2], "texture": "#4"},
				"south": {"uv": [1, 0, 2, 1], "texture": "#4"},
				"west": {"uv": [1, 1, 2, 2], "texture": "#4"},
				"up": {"uv": [1, 3, 0, 2], "texture": "#4"},
				"down": {"uv": [3, 0, 2, 1], "texture": "#4"}
			}
		},
		{
			"from": [19, 17, 7],
			"to": [20, 18, 8],
			"faces": {
				"north": {"uv": [0, 0, 1, 1], "texture": "#4"},
				"east": {"uv": [0, 1, 1, 2], "texture": "#4"},
				"south": {"uv": [1, 0, 2, 1], "texture": "#4"},
				"west": {"uv": [1, 1, 2, 2], "texture": "#4"},
				"up": {"uv": [1, 3, 0, 2], "texture": "#4"},
				"down": {"uv": [3, 0, 2, 1], "texture": "#4"}
			}
		},
		{
			"from": [20, 19, 7],
			"to": [21, 20, 8],
			"faces": {
				"north": {"uv": [0, 0, 1, 1], "texture": "#4"},
				"east": {"uv": [0, 1, 1, 2], "texture": "#4"},
				"south": {"uv": [1, 0, 2, 1], "texture": "#4"},
				"west": {"uv": [1, 1, 2, 2], "texture": "#4"},
				"up": {"uv": [1, 3, 0, 2], "texture": "#4"},
				"down": {"uv": [3, 0, 2, 1], "texture": "#4"}
			}
		},
		{
			"from": [20, 18, 7],
			"to": [21, 19, 8],
			"faces": {
				"north": {"uv": [0, 0, 1, 1], "texture": "#4"},
				"east": {"uv": [0, 1, 1, 2], "texture": "#4"},
				"south": {"uv": [1, 0, 2, 1], "texture": "#4"},
				"west": {"uv": [1, 1, 2, 2], "texture": "#4"},
				"up": {"uv": [1, 3, 0, 2], "texture": "#4"},
				"down": {"uv": [3, 0, 2, 1], "texture": "#4"}
			}
		},
		{
			"from": [21, 20, 7],
			"to": [22, 21, 8],
			"faces": {
				"north": {"uv": [0, 0, 1, 1], "texture": "#4"},
				"east": {"uv": [0, 1, 1, 2], "texture": "#4"},
				"south": {"uv": [1, 0, 2, 1], "texture": "#4"},
				"west": {"uv": [1, 1, 2, 2], "texture": "#4"},
				"up": {"uv": [1, 3, 0, 2], "texture": "#4"},
				"down": {"uv": [3, 0, 2, 1], "texture": "#4"}
			}
		},
		{
			"from": [21, 21, 7],
			"to": [22, 22, 8],
			"faces": {
				"north": {"uv": [0, 0, 1, 1], "texture": "#4"},
				"east": {"uv": [0, 1, 1, 2], "texture": "#4"},
				"south": {"uv": [1, 0, 2, 1], "texture": "#4"},
				"west": {"uv": [1, 1, 2, 2], "texture": "#4"},
				"up": {"uv": [1, 3, 0, 2], "texture": "#4"},
				"down": {"uv": [3, 0, 2, 1], "texture": "#4"}
			}
		},
		{
			"from": [22, 22, 7],
			"to": [23, 23, 8],
			"faces": {
				"north": {"uv": [0, 0, 1, 1], "texture": "#4"},
				"east": {"uv": [0, 1, 1, 2], "texture": "#4"},
				"south": {"uv": [1, 0, 2, 1], "texture": "#4"},
				"west": {"uv": [1, 1, 2, 2], "texture": "#4"},
				"up": {"uv": [1, 3, 0, 2], "texture": "#4"},
				"down": {"uv": [3, 0, 2, 1], "texture": "#4"}
			}
		},
		{
			"from": [22, 23, 7],
			"to": [23, 24, 8],
			"faces": {
				"north": {"uv": [0, 0, 1, 1], "texture": "#4"},
				"east": {"uv": [0, 1, 1, 2], "texture": "#4"},
				"south": {"uv": [1, 0, 2, 1], "texture": "#4"},
				"west": {"uv": [1, 1, 2, 2], "texture": "#4"},
				"up": {"uv": [1, 3, 0, 2], "texture": "#4"},
				"down": {"uv": [3, 0, 2, 1], "texture": "#4"}
			}
		},
		{
			"from": [22, 24, 7],
			"to": [23, 25, 8],
			"faces": {
				"north": {"uv": [0, 0, 1, 1], "texture": "#4"},
				"east": {"uv": [0, 1, 1, 2], "texture": "#4"},
				"south": {"uv": [1, 0, 2, 1], "texture": "#4"},
				"west": {"uv": [1, 1, 2, 2], "texture": "#4"},
				"up": {"uv": [1, 3, 0, 2], "texture": "#4"},
				"down": {"uv": [3, 0, 2, 1], "texture": "#4"}
			}
		},
		{
			"from": [21, 23, 7],
			"to": [22, 24, 8],
			"faces": {
				"north": {"uv": [0, 0, 1, 1], "texture": "#4"},
				"east": {"uv": [0, 1, 1, 2], "texture": "#4"},
				"south": {"uv": [1, 0, 2, 1], "texture": "#4"},
				"west": {"uv": [1, 1, 2, 2], "texture": "#4"},
				"up": {"uv": [1, 3, 0, 2], "texture": "#4"},
				"down": {"uv": [3, 0, 2, 1], "texture": "#4"}
			}
		},
		{
			"from": [20, 22, 7],
			"to": [21, 23, 8],
			"faces": {
				"north": {"uv": [0, 0, 1, 1], "texture": "#4"},
				"east": {"uv": [0, 1, 1, 2], "texture": "#4"},
				"south": {"uv": [1, 0, 2, 1], "texture": "#4"},
				"west": {"uv": [1, 1, 2, 2], "texture": "#4"},
				"up": {"uv": [1, 3, 0, 2], "texture": "#4"},
				"down": {"uv": [3, 0, 2, 1], "texture": "#4"}
			}
		},
		{
			"from": [19, 21, 7],
			"to": [20, 22, 8],
			"faces": {
				"north": {"uv": [0, 0, 1, 1], "texture": "#4"},
				"east": {"uv": [0, 1, 1, 2], "texture": "#4"},
				"south": {"uv": [1, 0, 2, 1], "texture": "#4"},
				"west": {"uv": [1, 1, 2, 2], "texture": "#4"},
				"up": {"uv": [1, 3, 0, 2], "texture": "#4"},
				"down": {"uv": [3, 0, 2, 1], "texture": "#4"}
			}
		},
		{
			"from": [18, 19, 7],
			"to": [19, 20, 8],
			"faces": {
				"north": {"uv": [0, 0, 1, 1], "texture": "#4"},
				"east": {"uv": [0, 1, 1, 2], "texture": "#4"},
				"south": {"uv": [1, 0, 2, 1], "texture": "#4"},
				"west": {"uv": [1, 1, 2, 2], "texture": "#4"},
				"up": {"uv": [1, 3, 0, 2], "texture": "#4"},
				"down": {"uv": [3, 0, 2, 1], "texture": "#4"}
			}
		},
		{
			"from": [18, 20, 7],
			"to": [19, 21, 8],
			"faces": {
				"north": {"uv": [0, 0, 1, 1], "texture": "#4"},
				"east": {"uv": [0, 1, 1, 2], "texture": "#4"},
				"south": {"uv": [1, 0, 2, 1], "texture": "#4"},
				"west": {"uv": [1, 1, 2, 2], "texture": "#4"},
				"up": {"uv": [1, 3, 0, 2], "texture": "#4"},
				"down": {"uv": [3, 0, 2, 1], "texture": "#4"}
			}
		},
		{
			"from": [17, 18, 7],
			"to": [18, 19, 8],
			"faces": {
				"north": {"uv": [0, 0, 1, 1], "texture": "#4"},
				"east": {"uv": [0, 1, 1, 2], "texture": "#4"},
				"south": {"uv": [1, 0, 2, 1], "texture": "#4"},
				"west": {"uv": [1, 1, 2, 2], "texture": "#4"},
				"up": {"uv": [1, 3, 0, 2], "texture": "#4"},
				"down": {"uv": [3, 0, 2, 1], "texture": "#4"}
			}
		},
		{
			"from": [16, 18, 7],
			"to": [17, 19, 8],
			"faces": {
				"north": {"uv": [0, 0, 1, 1], "texture": "#4"},
				"east": {"uv": [0, 1, 1, 2], "texture": "#4"},
				"south": {"uv": [1, 0, 2, 1], "texture": "#4"},
				"west": {"uv": [1, 1, 2, 2], "texture": "#4"},
				"up": {"uv": [1, 3, 0, 2], "texture": "#4"},
				"down": {"uv": [3, 0, 2, 1], "texture": "#4"}
			}
		},
		{
			"from": [17, 19, 7],
			"to": [18, 20, 8],
			"faces": {
				"north": {"uv": [0, 0, 1, 1], "texture": "#4"},
				"east": {"uv": [0, 1, 1, 2], "texture": "#4"},
				"south": {"uv": [1, 0, 2, 1], "texture": "#4"},
				"west": {"uv": [1, 1, 2, 2], "texture": "#4"},
				"up": {"uv": [1, 3, 0, 2], "texture": "#4"},
				"down": {"uv": [3, 0, 2, 1], "texture": "#4"}
			}
		},
		{
			"from": [14, 16, 7],
			"to": [15, 17, 8],
			"faces": {
				"north": {"uv": [0, 0, 1, 1], "texture": "#4"},
				"east": {"uv": [0, 1, 1, 2], "texture": "#4"},
				"south": {"uv": [1, 0, 2, 1], "texture": "#4"},
				"west": {"uv": [1, 1, 2, 2], "texture": "#4"},
				"up": {"uv": [1, 3, 0, 2], "texture": "#4"},
				"down": {"uv": [3, 0, 2, 1], "texture": "#4"}
			}
		},
		{
			"from": [13, 15, 7],
			"to": [14, 16, 8],
			"faces": {
				"north": {"uv": [0, 0, 1, 1], "texture": "#4"},
				"east": {"uv": [0, 1, 1, 2], "texture": "#4"},
				"south": {"uv": [1, 0, 2, 1], "texture": "#4"},
				"west": {"uv": [1, 1, 2, 2], "texture": "#4"},
				"up": {"uv": [1, 3, 0, 2], "texture": "#4"},
				"down": {"uv": [3, 0, 2, 1], "texture": "#4"}
			}
		},
		{
			"from": [12, 13, 7],
			"to": [13, 14, 8],
			"faces": {
				"north": {"uv": [0, 0, 1, 1], "texture": "#4"},
				"east": {"uv": [0, 1, 1, 2], "texture": "#4"},
				"south": {"uv": [1, 0, 2, 1], "texture": "#4"},
				"west": {"uv": [1, 1, 2, 2], "texture": "#4"},
				"up": {"uv": [1, 3, 0, 2], "texture": "#4"},
				"down": {"uv": [3, 0, 2, 1], "texture": "#4"}
			}
		},
		{
			"from": [12, 14, 7],
			"to": [13, 15, 8],
			"faces": {
				"north": {"uv": [0, 0, 1, 1], "texture": "#4"},
				"east": {"uv": [0, 1, 1, 2], "texture": "#4"},
				"south": {"uv": [1, 0, 2, 1], "texture": "#4"},
				"west": {"uv": [1, 1, 2, 2], "texture": "#4"},
				"up": {"uv": [1, 3, 0, 2], "texture": "#4"},
				"down": {"uv": [3, 0, 2, 1], "texture": "#4"}
			}
		},
		{
			"from": [11, 12, 7],
			"to": [12, 13, 8],
			"faces": {
				"north": {"uv": [0, 0, 1, 1], "texture": "#4"},
				"east": {"uv": [0, 1, 1, 2], "texture": "#4"},
				"south": {"uv": [1, 0, 2, 1], "texture": "#4"},
				"west": {"uv": [1, 1, 2, 2], "texture": "#4"},
				"up": {"uv": [1, 3, 0, 2], "texture": "#4"},
				"down": {"uv": [3, 0, 2, 1], "texture": "#4"}
			}
		},
		{
			"from": [10, 12, 7],
			"to": [11, 13, 8],
			"faces": {
				"north": {"uv": [0, 0, 1, 1], "texture": "#4"},
				"east": {"uv": [0, 1, 1, 2], "texture": "#4"},
				"south": {"uv": [1, 0, 2, 1], "texture": "#4"},
				"west": {"uv": [1, 1, 2, 2], "texture": "#4"},
				"up": {"uv": [1, 3, 0, 2], "texture": "#4"},
				"down": {"uv": [3, 0, 2, 1], "texture": "#4"}
			}
		},
		{
			"from": [9, 11, 7],
			"to": [10, 12, 8],
			"faces": {
				"north": {"uv": [0, 0, 1, 1], "texture": "#4"},
				"east": {"uv": [0, 1, 1, 2], "texture": "#4"},
				"south": {"uv": [1, 0, 2, 1], "texture": "#4"},
				"west": {"uv": [1, 1, 2, 2], "texture": "#4"},
				"up": {"uv": [1, 3, 0, 2], "texture": "#4"},
				"down": {"uv": [3, 0, 2, 1], "texture": "#4"}
			}
		},
		{
			"from": [8, 10, 7],
			"to": [9, 11, 8],
			"faces": {
				"north": {"uv": [0, 0, 1, 1], "texture": "#4"},
				"east": {"uv": [0, 1, 1, 2], "texture": "#4"},
				"south": {"uv": [1, 0, 2, 1], "texture": "#4"},
				"west": {"uv": [1, 1, 2, 2], "texture": "#4"},
				"up": {"uv": [1, 3, 0, 2], "texture": "#4"},
				"down": {"uv": [3, 0, 2, 1], "texture": "#4"}
			}
		},
		{
			"from": [11, 13, 7],
			"to": [12, 14, 8],
			"faces": {
				"north": {"uv": [0, 0, 1, 1], "texture": "#4"},
				"east": {"uv": [0, 1, 1, 2], "texture": "#4"},
				"south": {"uv": [1, 0, 2, 1], "texture": "#4"},
				"west": {"uv": [1, 1, 2, 2], "texture": "#4"},
				"up": {"uv": [1, 3, 0, 2], "texture": "#4"},
				"down": {"uv": [3, 0, 2, 1], "texture": "#4"}
			}
		},
		{
			"from": [12, 15, 7],
			"to": [13, 16, 8],
			"faces": {
				"north": {"uv": [0, 0, 1, 1], "texture": "#4"},
				"east": {"uv": [0, 1, 1, 2], "texture": "#4"},
				"south": {"uv": [1, 0, 2, 1], "texture": "#4"},
				"west": {"uv": [1, 1, 2, 2], "texture": "#4"},
				"up": {"uv": [1, 3, 0, 2], "texture": "#4"},
				"down": {"uv": [3, 0, 2, 1], "texture": "#4"}
			}
		},
		{
			"from": [11, 15, 7],
			"to": [12, 16, 8],
			"faces": {
				"north": {"uv": [0, 0, 1, 1], "texture": "#4"},
				"east": {"uv": [0, 1, 1, 2], "texture": "#4"},
				"south": {"uv": [1, 0, 2, 1], "texture": "#4"},
				"west": {"uv": [1, 1, 2, 2], "texture": "#4"},
				"up": {"uv": [1, 3, 0, 2], "texture": "#4"},
				"down": {"uv": [3, 0, 2, 1], "texture": "#4"}
			}
		},
		{
			"from": [9, 12, 7],
			"to": [10, 13, 8],
			"faces": {
				"north": {"uv": [0, 0, 1, 1], "texture": "#4"},
				"east": {"uv": [0, 1, 1, 2], "texture": "#4"},
				"south": {"uv": [1, 0, 2, 1], "texture": "#4"},
				"west": {"uv": [1, 1, 2, 2], "texture": "#4"},
				"up": {"uv": [1, 3, 0, 2], "texture": "#4"},
				"down": {"uv": [3, 0, 2, 1], "texture": "#4"}
			}
		},
		{
			"from": [9, 13, 7],
			"to": [10, 14, 8],
			"faces": {
				"north": {"uv": [0, 0, 1, 1], "texture": "#4"},
				"east": {"uv": [0, 1, 1, 2], "texture": "#4"},
				"south": {"uv": [1, 0, 2, 1], "texture": "#4"},
				"west": {"uv": [1, 1, 2, 2], "texture": "#4"},
				"up": {"uv": [1, 3, 0, 2], "texture": "#4"},
				"down": {"uv": [3, 0, 2, 1], "texture": "#4"}
			}
		},
		{
			"from": [15, 18, 7],
			"to": [16, 19, 8],
			"faces": {
				"north": {"uv": [0, 0, 1, 1], "texture": "#4"},
				"east": {"uv": [0, 1, 1, 2], "texture": "#4"},
				"south": {"uv": [1, 0, 2, 1], "texture": "#4"},
				"west": {"uv": [1, 1, 2, 2], "texture": "#4"},
				"up": {"uv": [1, 3, 0, 2], "texture": "#4"},
				"down": {"uv": [3, 0, 2, 1], "texture": "#4"}
			}
		},
		{
			"from": [15, 19, 7],
			"to": [16, 20, 8],
			"faces": {
				"north": {"uv": [0, 0, 1, 1], "texture": "#4"},
				"east": {"uv": [0, 1, 1, 2], "texture": "#4"},
				"south": {"uv": [1, 0, 2, 1], "texture": "#4"},
				"west": {"uv": [1, 1, 2, 2], "texture": "#4"},
				"up": {"uv": [1, 3, 0, 2], "texture": "#4"},
				"down": {"uv": [3, 0, 2, 1], "texture": "#4"}
			}
		},
		{
			"from": [18, 21, 7],
			"to": [19, 22, 8],
			"faces": {
				"north": {"uv": [0, 0, 1, 1], "texture": "#4"},
				"east": {"uv": [0, 1, 1, 2], "texture": "#4"},
				"south": {"uv": [1, 0, 2, 1], "texture": "#4"},
				"west": {"uv": [1, 1, 2, 2], "texture": "#4"},
				"up": {"uv": [1, 3, 0, 2], "texture": "#4"},
				"down": {"uv": [3, 0, 2, 1], "texture": "#4"}
			}
		},
		{
			"from": [17, 21, 7],
			"to": [18, 22, 8],
			"faces": {
				"north": {"uv": [0, 0, 1, 1], "texture": "#4"},
				"east": {"uv": [0, 1, 1, 2], "texture": "#4"},
				"south": {"uv": [1, 0, 2, 1], "texture": "#4"},
				"west": {"uv": [1, 1, 2, 2], "texture": "#4"},
				"up": {"uv": [1, 3, 0, 2], "texture": "#4"},
				"down": {"uv": [3, 0, 2, 1], "texture": "#4"}
			}
		},
		{
			"from": [15, 17, 7],
			"to": [16, 18, 8],
			"faces": {
				"north": {"uv": [0, 0, 1, 1], "texture": "#4"},
				"east": {"uv": [0, 1, 1, 2], "texture": "#4"},
				"south": {"uv": [1, 0, 2, 1], "texture": "#4"},
				"west": {"uv": [1, 1, 2, 2], "texture": "#4"},
				"up": {"uv": [1, 3, 0, 2], "texture": "#4"},
				"down": {"uv": [3, 0, 2, 1], "texture": "#4"}
			}
		},
		{
			"from": [7, 6, 7],
			"to": [8, 7, 8],
			"faces": {
				"north": {"uv": [1, 2, 2, 3], "texture": "#4"},
				"east": {"uv": [2, 1, 3, 2], "texture": "#4"},
				"south": {"uv": [2, 2, 3, 3], "texture": "#4"},
				"west": {"uv": [0, 3, 1, 4], "texture": "#4"},
				"up": {"uv": [4, 1, 3, 0], "texture": "#4"},
				"down": {"uv": [2, 3, 1, 4], "texture": "#4"}
			}
		},
		{
			"from": [7, 5, 7],
			"to": [8, 6, 8],
			"faces": {
				"north": {"uv": [3, 1, 4, 2], "texture": "#4"},
				"east": {"uv": [2, 3, 3, 4], "texture": "#4"},
				"south": {"uv": [3, 2, 4, 3], "texture": "#4"},
				"west": {"uv": [3, 3, 4, 4], "texture": "#4"},
				"up": {"uv": [1, 5, 0, 4], "texture": "#4"},
				"down": {"uv": [5, 0, 4, 1], "texture": "#4"}
			}
		},
		{
			"from": [6, 7, 7],
			"to": [7, 8, 8],
			"faces": {
				"north": {"uv": [1, 4, 2, 5], "texture": "#4"},
				"east": {"uv": [4, 1, 5, 2], "texture": "#4"},
				"south": {"uv": [2, 4, 3, 5], "texture": "#4"},
				"west": {"uv": [4, 2, 5, 3], "texture": "#4"},
				"up": {"uv": [4, 5, 3, 4], "texture": "#4"},
				"down": {"uv": [5, 3, 4, 4], "texture": "#4"}
			}
		},
		{
			"from": [5, 7, 7],
			"to": [6, 8, 8],
			"faces": {
				"north": {"uv": [4, 4, 5, 5], "texture": "#4"},
				"east": {"uv": [0, 5, 1, 6], "texture": "#4"},
				"south": {"uv": [5, 0, 6, 1], "texture": "#4"},
				"west": {"uv": [1, 5, 2, 6], "texture": "#4"},
				"up": {"uv": [6, 2, 5, 1], "texture": "#4"},
				"down": {"uv": [3, 5, 2, 6], "texture": "#4"}
			}
		},
		{
			"from": [7, 7, 7],
			"to": [8, 8, 8],
			"faces": {
				"north": {"uv": [0, 0, 1, 1], "texture": "#5"},
				"east": {"uv": [0, 1, 1, 2], "texture": "#5"},
				"south": {"uv": [1, 0, 2, 1], "texture": "#5"},
				"west": {"uv": [1, 1, 2, 2], "texture": "#5"},
				"up": {"uv": [1, 3, 0, 2], "texture": "#5"},
				"down": {"uv": [3, 0, 2, 1], "texture": "#5"}
			}
		},
		{
			"from": [8, 9, 7],
			"to": [9, 10, 8],
			"faces": {
				"north": {"uv": [0, 0, 1, 1], "texture": "#5"},
				"east": {"uv": [0, 1, 1, 2], "texture": "#5"},
				"south": {"uv": [1, 0, 2, 1], "texture": "#5"},
				"west": {"uv": [1, 1, 2, 2], "texture": "#5"},
				"up": {"uv": [1, 3, 0, 2], "texture": "#5"},
				"down": {"uv": [3, 0, 2, 1], "texture": "#5"}
			}
		},
		{
			"from": [9, 9, 7],
			"to": [10, 10, 8],
			"faces": {
				"north": {"uv": [0, 0, 1, 1], "texture": "#5"},
				"east": {"uv": [0, 1, 1, 2], "texture": "#5"},
				"south": {"uv": [1, 0, 2, 1], "texture": "#5"},
				"west": {"uv": [1, 1, 2, 2], "texture": "#5"},
				"up": {"uv": [1, 3, 0, 2], "texture": "#5"},
				"down": {"uv": [3, 0, 2, 1], "texture": "#5"}
			}
		},
		{
			"from": [9, 10, 7],
			"to": [10, 11, 8],
			"faces": {
				"north": {"uv": [0, 0, 1, 1], "texture": "#5"},
				"east": {"uv": [0, 1, 1, 2], "texture": "#5"},
				"south": {"uv": [1, 0, 2, 1], "texture": "#5"},
				"west": {"uv": [1, 1, 2, 2], "texture": "#5"},
				"up": {"uv": [1, 3, 0, 2], "texture": "#5"},
				"down": {"uv": [3, 0, 2, 1], "texture": "#5"}
			}
		},
		{
			"from": [10, 10, 7],
			"to": [11, 11, 8],
			"faces": {
				"north": {"uv": [0, 0, 1, 1], "texture": "#5"},
				"east": {"uv": [0, 1, 1, 2], "texture": "#5"},
				"south": {"uv": [1, 0, 2, 1], "texture": "#5"},
				"west": {"uv": [1, 1, 2, 2], "texture": "#5"},
				"up": {"uv": [1, 3, 0, 2], "texture": "#5"},
				"down": {"uv": [3, 0, 2, 1], "texture": "#5"}
			}
		},
		{
			"from": [10, 11, 7],
			"to": [11, 12, 8],
			"faces": {
				"north": {"uv": [0, 0, 1, 1], "texture": "#5"},
				"east": {"uv": [0, 1, 1, 2], "texture": "#5"},
				"south": {"uv": [1, 0, 2, 1], "texture": "#5"},
				"west": {"uv": [1, 1, 2, 2], "texture": "#5"},
				"up": {"uv": [1, 3, 0, 2], "texture": "#5"},
				"down": {"uv": [3, 0, 2, 1], "texture": "#5"}
			}
		},
		{
			"from": [11, 11, 7],
			"to": [12, 12, 8],
			"faces": {
				"north": {"uv": [0, 0, 1, 1], "texture": "#5"},
				"east": {"uv": [0, 1, 1, 2], "texture": "#5"},
				"south": {"uv": [1, 0, 2, 1], "texture": "#5"},
				"west": {"uv": [1, 1, 2, 2], "texture": "#5"},
				"up": {"uv": [1, 3, 0, 2], "texture": "#5"},
				"down": {"uv": [3, 0, 2, 1], "texture": "#5"}
			}
		},
		{
			"from": [12, 12, 7],
			"to": [13, 13, 8],
			"faces": {
				"north": {"uv": [0, 0, 1, 1], "texture": "#5"},
				"east": {"uv": [0, 1, 1, 2], "texture": "#5"},
				"south": {"uv": [1, 0, 2, 1], "texture": "#5"},
				"west": {"uv": [1, 1, 2, 2], "texture": "#5"},
				"up": {"uv": [1, 3, 0, 2], "texture": "#5"},
				"down": {"uv": [3, 0, 2, 1], "texture": "#5"}
			}
		},
		{
			"from": [13, 13, 7],
			"to": [14, 14, 8],
			"faces": {
				"north": {"uv": [0, 0, 1, 1], "texture": "#5"},
				"east": {"uv": [0, 1, 1, 2], "texture": "#5"},
				"south": {"uv": [1, 0, 2, 1], "texture": "#5"},
				"west": {"uv": [1, 1, 2, 2], "texture": "#5"},
				"up": {"uv": [1, 3, 0, 2], "texture": "#5"},
				"down": {"uv": [3, 0, 2, 1], "texture": "#5"}
			}
		},
		{
			"from": [13, 14, 7],
			"to": [14, 15, 8],
			"faces": {
				"north": {"uv": [0, 0, 1, 1], "texture": "#5"},
				"east": {"uv": [0, 1, 1, 2], "texture": "#5"},
				"south": {"uv": [1, 0, 2, 1], "texture": "#5"},
				"west": {"uv": [1, 1, 2, 2], "texture": "#5"},
				"up": {"uv": [1, 3, 0, 2], "texture": "#5"},
				"down": {"uv": [3, 0, 2, 1], "texture": "#5"}
			}
		},
		{
			"from": [14, 15, 7],
			"to": [15, 16, 8],
			"faces": {
				"north": {"uv": [0, 0, 1, 1], "texture": "#5"},
				"east": {"uv": [0, 1, 1, 2], "texture": "#5"},
				"south": {"uv": [1, 0, 2, 1], "texture": "#5"},
				"west": {"uv": [1, 1, 2, 2], "texture": "#5"},
				"up": {"uv": [1, 3, 0, 2], "texture": "#5"},
				"down": {"uv": [3, 0, 2, 1], "texture": "#5"}
			}
		},
		{
			"from": [15, 16, 7],
			"to": [16, 17, 8],
			"faces": {
				"north": {"uv": [0, 0, 1, 1], "texture": "#5"},
				"east": {"uv": [0, 1, 1, 2], "texture": "#5"},
				"south": {"uv": [1, 0, 2, 1], "texture": "#5"},
				"west": {"uv": [1, 1, 2, 2], "texture": "#5"},
				"up": {"uv": [1, 3, 0, 2], "texture": "#5"},
				"down": {"uv": [3, 0, 2, 1], "texture": "#5"}
			}
		},
		{
			"from": [16, 17, 7],
			"to": [17, 18, 8],
			"faces": {
				"north": {"uv": [0, 0, 1, 1], "texture": "#5"},
				"east": {"uv": [0, 1, 1, 2], "texture": "#5"},
				"south": {"uv": [1, 0, 2, 1], "texture": "#5"},
				"west": {"uv": [1, 1, 2, 2], "texture": "#5"},
				"up": {"uv": [1, 3, 0, 2], "texture": "#5"},
				"down": {"uv": [3, 0, 2, 1], "texture": "#5"}
			}
		},
		{
			"from": [18, 18, 7],
			"to": [19, 19, 8],
			"faces": {
				"north": {"uv": [0, 0, 1, 1], "texture": "#5"},
				"east": {"uv": [0, 1, 1, 2], "texture": "#5"},
				"south": {"uv": [1, 0, 2, 1], "texture": "#5"},
				"west": {"uv": [1, 1, 2, 2], "texture": "#5"},
				"up": {"uv": [1, 3, 0, 2], "texture": "#5"},
				"down": {"uv": [3, 0, 2, 1], "texture": "#5"}
			}
		},
		{
			"from": [19, 20, 7],
			"to": [20, 21, 8],
			"faces": {
				"north": {"uv": [0, 0, 1, 1], "texture": "#5"},
				"east": {"uv": [0, 1, 1, 2], "texture": "#5"},
				"south": {"uv": [1, 0, 2, 1], "texture": "#5"},
				"west": {"uv": [1, 1, 2, 2], "texture": "#5"},
				"up": {"uv": [1, 3, 0, 2], "texture": "#5"},
				"down": {"uv": [3, 0, 2, 1], "texture": "#5"}
			}
		},
		{
			"from": [20, 21, 7],
			"to": [21, 22, 8],
			"faces": {
				"north": {"uv": [0, 0, 1, 1], "texture": "#5"},
				"east": {"uv": [0, 1, 1, 2], "texture": "#5"},
				"south": {"uv": [1, 0, 2, 1], "texture": "#5"},
				"west": {"uv": [1, 1, 2, 2], "texture": "#5"},
				"up": {"uv": [1, 3, 0, 2], "texture": "#5"},
				"down": {"uv": [3, 0, 2, 1], "texture": "#5"}
			}
		},
		{
			"from": [21, 22, 7],
			"to": [22, 23, 8],
			"faces": {
				"north": {"uv": [0, 0, 1, 1], "texture": "#5"},
				"east": {"uv": [0, 1, 1, 2], "texture": "#5"},
				"south": {"uv": [1, 0, 2, 1], "texture": "#5"},
				"west": {"uv": [1, 1, 2, 2], "texture": "#5"},
				"up": {"uv": [1, 3, 0, 2], "texture": "#5"},
				"down": {"uv": [3, 0, 2, 1], "texture": "#5"}
			}
		},
		{
			"from": [9, 8, 7],
			"to": [10, 9, 8],
			"faces": {
				"north": {"uv": [0, 0, 1, 1], "texture": "#6"},
				"east": {"uv": [0, 1, 1, 2], "texture": "#6"},
				"south": {"uv": [1, 0, 2, 1], "texture": "#6"},
				"west": {"uv": [1, 1, 2, 2], "texture": "#6"},
				"up": {"uv": [1, 3, 0, 2], "texture": "#6"},
				"down": {"uv": [3, 0, 2, 1], "texture": "#6"}
			}
		},
		{
			"from": [10, 9, 7],
			"to": [11, 10, 8],
			"faces": {
				"north": {"uv": [1, 2, 2, 3], "texture": "#6"},
				"east": {"uv": [2, 1, 3, 2], "texture": "#6"},
				"south": {"uv": [2, 2, 3, 3], "texture": "#6"},
				"west": {"uv": [0, 3, 1, 4], "texture": "#6"},
				"up": {"uv": [4, 1, 3, 0], "texture": "#6"},
				"down": {"uv": [2, 3, 1, 4], "texture": "#6"}
			}
		},
		{
			"from": [11, 10, 7],
			"to": [12, 11, 8],
			"faces": {
				"north": {"uv": [3, 1, 4, 2], "texture": "#6"},
				"east": {"uv": [2, 3, 3, 4], "texture": "#6"},
				"south": {"uv": [3, 2, 4, 3], "texture": "#6"},
				"west": {"uv": [3, 3, 4, 4], "texture": "#6"},
				"up": {"uv": [1, 5, 0, 4], "texture": "#6"},
				"down": {"uv": [5, 0, 4, 1], "texture": "#6"}
			}
		},
		{
			"from": [12, 11, 7],
			"to": [13, 12, 8],
			"faces": {
				"north": {"uv": [1, 4, 2, 5], "texture": "#6"},
				"east": {"uv": [4, 1, 5, 2], "texture": "#6"},
				"south": {"uv": [2, 4, 3, 5], "texture": "#6"},
				"west": {"uv": [4, 2, 5, 3], "texture": "#6"},
				"up": {"uv": [4, 5, 3, 4], "texture": "#6"},
				"down": {"uv": [5, 3, 4, 4], "texture": "#6"}
			}
		},
		{
			"from": [13, 12, 7],
			"to": [14, 13, 8],
			"faces": {
				"north": {"uv": [4, 4, 5, 5], "texture": "#6"},
				"east": {"uv": [0, 5, 1, 6], "texture": "#6"},
				"south": {"uv": [5, 0, 6, 1], "texture": "#6"},
				"west": {"uv": [1, 5, 2, 6], "texture": "#6"},
				"up": {"uv": [6, 2, 5, 1], "texture": "#6"},
				"down": {"uv": [3, 5, 2, 6], "texture": "#6"}
			}
		},
		{
			"from": [14, 13, 7],
			"to": [15, 14, 8],
			"faces": {
				"north": {"uv": [4, 4, 5, 5], "texture": "#6"},
				"east": {"uv": [0, 5, 1, 6], "texture": "#6"},
				"south": {"uv": [5, 0, 6, 1], "texture": "#6"},
				"west": {"uv": [1, 5, 2, 6], "texture": "#6"},
				"up": {"uv": [6, 2, 5, 1], "texture": "#6"},
				"down": {"uv": [3, 5, 2, 6], "texture": "#6"}
			}
		},
		{
			"from": [15, 14, 7],
			"to": [16, 15, 8],
			"faces": {
				"north": {"uv": [4, 4, 5, 5], "texture": "#6"},
				"east": {"uv": [0, 5, 1, 6], "texture": "#6"},
				"south": {"uv": [5, 0, 6, 1], "texture": "#6"},
				"west": {"uv": [1, 5, 2, 6], "texture": "#6"},
				"up": {"uv": [6, 2, 5, 1], "texture": "#6"},
				"down": {"uv": [3, 5, 2, 6], "texture": "#6"}
			}
		},
		{
			"from": [16, 15, 7],
			"to": [17, 16, 8],
			"faces": {
				"north": {"uv": [4, 4, 5, 5], "texture": "#6"},
				"east": {"uv": [0, 5, 1, 6], "texture": "#6"},
				"south": {"uv": [5, 0, 6, 1], "texture": "#6"},
				"west": {"uv": [1, 5, 2, 6], "texture": "#6"},
				"up": {"uv": [6, 2, 5, 1], "texture": "#6"},
				"down": {"uv": [3, 5, 2, 6], "texture": "#6"}
			}
		},
		{
			"from": [17, 16, 7],
			"to": [18, 17, 8],
			"faces": {
				"north": {"uv": [4, 4, 5, 5], "texture": "#6"},
				"east": {"uv": [0, 5, 1, 6], "texture": "#6"},
				"south": {"uv": [5, 0, 6, 1], "texture": "#6"},
				"west": {"uv": [1, 5, 2, 6], "texture": "#6"},
				"up": {"uv": [6, 2, 5, 1], "texture": "#6"},
				"down": {"uv": [3, 5, 2, 6], "texture": "#6"}
			}
		},
		{
			"from": [18, 17, 7],
			"to": [19, 18, 8],
			"faces": {
				"north": {"uv": [4, 4, 5, 5], "texture": "#6"},
				"east": {"uv": [0, 5, 1, 6], "texture": "#6"},
				"south": {"uv": [5, 0, 6, 1], "texture": "#6"},
				"west": {"uv": [1, 5, 2, 6], "texture": "#6"},
				"up": {"uv": [6, 2, 5, 1], "texture": "#6"},
				"down": {"uv": [3, 5, 2, 6], "texture": "#6"}
			}
		},
		{
			"from": [19, 18, 7],
			"to": [20, 19, 8],
			"faces": {
				"north": {"uv": [4, 4, 5, 5], "texture": "#6"},
				"east": {"uv": [0, 5, 1, 6], "texture": "#6"},
				"south": {"uv": [5, 0, 6, 1], "texture": "#6"},
				"west": {"uv": [1, 5, 2, 6], "texture": "#6"},
				"up": {"uv": [6, 2, 5, 1], "texture": "#6"},
				"down": {"uv": [3, 5, 2, 6], "texture": "#6"}
			}
		},
		{
			"from": [19, 19, 7],
			"to": [20, 20, 8],
			"faces": {
				"north": {"uv": [4, 4, 5, 5], "texture": "#6"},
				"east": {"uv": [0, 5, 1, 6], "texture": "#6"},
				"south": {"uv": [5, 0, 6, 1], "texture": "#6"},
				"west": {"uv": [1, 5, 2, 6], "texture": "#6"},
				"up": {"uv": [6, 2, 5, 1], "texture": "#6"},
				"down": {"uv": [3, 5, 2, 6], "texture": "#6"}
			}
		},
		{
			"from": [20, 20, 7],
			"to": [21, 21, 8],
			"faces": {
				"north": {"uv": [4, 4, 5, 5], "texture": "#6"},
				"east": {"uv": [0, 5, 1, 6], "texture": "#6"},
				"south": {"uv": [5, 0, 6, 1], "texture": "#6"},
				"west": {"uv": [1, 5, 2, 6], "texture": "#6"},
				"up": {"uv": [6, 2, 5, 1], "texture": "#6"},
				"down": {"uv": [3, 5, 2, 6], "texture": "#6"}
			}
		},
		{
			"from": [17, 17, 7],
			"to": [18, 18, 8],
			"faces": {
				"north": {"uv": [4, 4, 5, 5], "texture": "#6"},
				"east": {"uv": [0, 5, 1, 6], "texture": "#6"},
				"south": {"uv": [5, 0, 6, 1], "texture": "#6"},
				"west": {"uv": [1, 5, 2, 6], "texture": "#6"},
				"up": {"uv": [6, 2, 5, 1], "texture": "#6"},
				"down": {"uv": [3, 5, 2, 6], "texture": "#6"}
			}
		},
		{
			"from": [16, 16, 7],
			"to": [17, 17, 8],
			"faces": {
				"north": {"uv": [4, 4, 5, 5], "texture": "#6"},
				"east": {"uv": [0, 5, 1, 6], "texture": "#6"},
				"south": {"uv": [5, 0, 6, 1], "texture": "#6"},
				"west": {"uv": [1, 5, 2, 6], "texture": "#6"},
				"up": {"uv": [6, 2, 5, 1], "texture": "#6"},
				"down": {"uv": [3, 5, 2, 6], "texture": "#6"}
			}
		},
		{
			"from": [15, 15, 7],
			"to": [16, 16, 8],
			"faces": {
				"north": {"uv": [4, 4, 5, 5], "texture": "#6"},
				"east": {"uv": [0, 5, 1, 6], "texture": "#6"},
				"south": {"uv": [5, 0, 6, 1], "texture": "#6"},
				"west": {"uv": [1, 5, 2, 6], "texture": "#6"},
				"up": {"uv": [6, 2, 5, 1], "texture": "#6"},
				"down": {"uv": [3, 5, 2, 6], "texture": "#6"}
			}
		},
		{
			"from": [14, 14, 7],
			"to": [15, 15, 8],
			"faces": {
				"north": {"uv": [4, 4, 5, 5], "texture": "#6"},
				"east": {"uv": [0, 5, 1, 6], "texture": "#6"},
				"south": {"uv": [5, 0, 6, 1], "texture": "#6"},
				"west": {"uv": [1, 5, 2, 6], "texture": "#6"},
				"up": {"uv": [6, 2, 5, 1], "texture": "#6"},
				"down": {"uv": [3, 5, 2, 6], "texture": "#6"}
			}
		}
	],
	"display": {
		"thirdperson_righthand": {
			"rotation": [0, 95, 34],
			"translation": [0, 4, 0]
		},
		"thirdperson_lefthand": {
			"rotation": [0, -95, -34],
			"translation": [0, 4, 0]
		},
		"firstperson_righthand": {
			"rotation": [0, 95, 34],
			"translation": [0, 4, 0]
		},
		"firstperson_lefthand": {
			"rotation": [0, -95, -34],
			"translation": [0, 4, 0]
		}
	},
	"groups": [
		{
			"name": "black",
			"origin": [0, 0, 0],
			"color": 0,
			"children": [0, 1, 2, 3, 4, 5, 6, 7, 8, 9, 10, 11, 12, 13, 14, 15, 16, 17, 18, 19, 20, 21, 22, 23, 24, 25, 26, 27, 28, 29, 30, 31, 32]
		},
		{
			"name": "gray",
			"origin": [0, 0, 0],
			"color": 0,
			"children": [33, 34, 35, 36, 37, 38, 39, 40, 41]
		},
		{
			"name": "dark_gray",
			"origin": [0, 0, 0],
			"color": 0,
			"children": [42, 43, 44, 45]
		},
		{
			"name": "purple",
			"origin": [8, 8, 8],
			"color": 0,
			"children": [46, 47, 48, 49, 50, 51, 52, 53, 54]
		},
		{
			"name": "magenta",
			"origin": [8, 8, 8],
			"color": 0,
			"children": [
				55,
				56,
				57,
				58,
				59,
				60,
				61,
				62,
				63,
				64,
				65,
				66,
				67,
				68,
				69,
				70,
				71,
				72,
				73,
				74,
				75,
				76,
				77,
				78,
				79,
				80,
				81,
				82,
				83,
				84,
				85,
				86,
				87,
				88,
				89,
				90,
				91,
				92,
				93,
				94,
				95,
				96,
				97,
				98,
				99,
				100,
				101,
				102
			]
		},
		{
			"name": "dark_magenta",
			"origin": [8, 8, 8],
			"color": 0,
			"children": [103, 104, 105, 106, 107, 108, 109, 110, 111, 112, 113, 114, 115, 116, 117, 118, 119]
		},
		{
			"name": "pink",
			"origin": [8, 8, 8],
			"color": 0,
			"children": [120, 121, 122, 123, 124, 125, 126, 127, 128, 129, 130, 131, 132, 133, 134, 135, 136]
		}
	]
}