{
	"credit": "Made with Blockbench",
	"textures": {
		"0": "block/dark_handle_ghost",
		"1": "block/light_handle_ghost",
		"2": "block/gray_blade_ghost",
		"3": "block/dark_gray_blade_ghost",
		"4": "block/black_blade_ghost",
		"5": "block/light_gray_blade_ghost",
		"particle": "block/dark_handle_ghost"
	},
	"elements": [
		{
			"from": [1, 0, 8],
			"to": [2, 1, 9],
			"faces": {
				"north": {"uv": [0, 0, 1, 1], "texture": "#0"},
				"east": {"uv": [0, 1, 1, 2], "texture": "#0"},
				"south": {"uv": [1, 0, 2, 1], "texture": "#0"},
				"west": {"uv": [1, 1, 2, 2], "texture": "#0"},
				"up": {"uv": [1, 3, 0, 2], "texture": "#0"},
				"down": {"uv": [3, 0, 2, 1], "texture": "#0"}
			}
		},
		{
			"from": [0, 1, 8],
			"to": [1, 2, 9],
			"faces": {
				"north": {"uv": [1, 2, 2, 3], "texture": "#0"},
				"east": {"uv": [2, 1, 3, 2], "texture": "#0"},
				"south": {"uv": [2, 2, 3, 3], "texture": "#0"},
				"west": {"uv": [0, 3, 1, 4], "texture": "#0"},
				"up": {"uv": [4, 1, 3, 0], "texture": "#0"},
				"down": {"uv": [2, 3, 1, 4], "texture": "#0"}
			}
		},
		{
			"from": [3, 2, 8],
			"to": [4, 3, 9],
			"faces": {
				"north": {"uv": [3, 1, 4, 2], "texture": "#0"},
				"east": {"uv": [2, 3, 3, 4], "texture": "#0"},
				"south": {"uv": [3, 2, 4, 3], "texture": "#0"},
				"west": {"uv": [3, 3, 4, 4], "texture": "#0"},
				"up": {"uv": [1, 5, 0, 4], "texture": "#0"},
				"down": {"uv": [5, 0, 4, 1], "texture": "#0"}
			}
		},
		{
			"from": [2, 3, 8],
			"to": [3, 4, 9],
			"faces": {
				"north": {"uv": [1, 4, 2, 5], "texture": "#0"},
				"east": {"uv": [4, 1, 5, 2], "texture": "#0"},
				"south": {"uv": [2, 4, 3, 5], "texture": "#0"},
				"west": {"uv": [4, 2, 5, 3], "texture": "#0"},
				"up": {"uv": [4, 5, 3, 4], "texture": "#0"},
				"down": {"uv": [5, 3, 4, 4], "texture": "#0"}
			}
		},
		{
			"from": [4, 3, 8],
			"to": [5, 4, 9],
			"faces": {
				"north": {"uv": [4, 4, 5, 5], "texture": "#0"},
				"east": {"uv": [0, 5, 1, 6], "texture": "#0"},
				"south": {"uv": [5, 0, 6, 1], "texture": "#0"},
				"west": {"uv": [1, 5, 2, 6], "texture": "#0"},
				"up": {"uv": [6, 2, 5, 1], "texture": "#0"},
				"down": {"uv": [3, 5, 2, 6], "texture": "#0"}
			}
		},
		{
			"from": [3, 4, 8],
			"to": [4, 5, 9],
			"faces": {
				"north": {"uv": [5, 2, 6, 3], "texture": "#0"},
				"east": {"uv": [3, 5, 4, 6], "texture": "#0"},
				"south": {"uv": [5, 3, 6, 4], "texture": "#0"},
				"west": {"uv": [4, 5, 5, 6], "texture": "#0"},
				"up": {"uv": [6, 5, 5, 4], "texture": "#0"},
				"down": {"uv": [6, 5, 5, 6], "texture": "#0"}
			}
		},
		{
			"from": [2, 1, 8],
			"to": [3, 2, 9],
			"faces": {
				"north": {"uv": [0, 6, 1, 7], "texture": "#0"},
				"east": {"uv": [6, 0, 7, 1], "texture": "#0"},
				"south": {"uv": [1, 6, 2, 7], "texture": "#0"},
				"west": {"uv": [6, 1, 7, 2], "texture": "#0"},
				"up": {"uv": [3, 7, 2, 6], "texture": "#0"},
				"down": {"uv": [7, 2, 6, 3], "texture": "#0"}
			}
		},
		{
			"from": [0, 0, 8],
			"to": [1, 1, 9],
			"faces": {
				"north": {"uv": [3, 6, 4, 7], "texture": "#0"},
				"east": {"uv": [6, 3, 7, 4], "texture": "#0"},
				"south": {"uv": [4, 6, 5, 7], "texture": "#0"},
				"west": {"uv": [6, 4, 7, 5], "texture": "#0"},
				"up": {"uv": [6, 7, 5, 6], "texture": "#0"},
				"down": {"uv": [7, 5, 6, 6], "texture": "#0"}
			}
		},
		{
			"from": [1, 2, 8],
			"to": [2, 3, 9],
			"faces": {
				"north": {"uv": [6, 6, 7, 7], "texture": "#0"},
				"east": {"uv": [0, 7, 1, 8], "texture": "#0"},
				"south": {"uv": [7, 0, 8, 1], "texture": "#0"},
				"west": {"uv": [1, 7, 2, 8], "texture": "#0"},
				"up": {"uv": [8, 2, 7, 1], "texture": "#0"},
				"down": {"uv": [3, 7, 2, 8], "texture": "#0"}
			}
		},
		{
			"from": [2, 2, 8],
			"to": [3, 3, 9],
			"faces": {
				"north": {"uv": [0, 0, 1, 1], "texture": "#1"},
				"east": {"uv": [0, 1, 1, 2], "texture": "#1"},
				"south": {"uv": [1, 0, 2, 1], "texture": "#1"},
				"west": {"uv": [1, 1, 2, 2], "texture": "#1"},
				"up": {"uv": [1, 3, 0, 2], "texture": "#1"},
				"down": {"uv": [3, 0, 2, 1], "texture": "#1"}
			}
		},
		{
			"from": [3, 3, 8],
			"to": [4, 4, 9],
			"faces": {
				"north": {"uv": [1, 2, 2, 3], "texture": "#1"},
				"east": {"uv": [2, 1, 3, 2], "texture": "#1"},
				"south": {"uv": [2, 2, 3, 3], "texture": "#1"},
				"west": {"uv": [0, 3, 1, 4], "texture": "#1"},
				"up": {"uv": [4, 1, 3, 0], "texture": "#1"},
				"down": {"uv": [2, 3, 1, 4], "texture": "#1"}
			}
		},
		{
			"from": [1, 1, 8],
			"to": [2, 2, 9],
			"faces": {
				"north": {"uv": [3, 1, 4, 2], "texture": "#1"},
				"east": {"uv": [2, 3, 3, 4], "texture": "#1"},
				"south": {"uv": [3, 2, 4, 3], "texture": "#1"},
				"west": {"uv": [3, 3, 4, 4], "texture": "#1"},
				"up": {"uv": [1, 5, 0, 4], "texture": "#1"},
				"down": {"uv": [5, 0, 4, 1], "texture": "#1"}
			}
		},
		{
			"from": [4, 4, 8],
			"to": [5, 5, 9],
			"faces": {
				"north": {"uv": [0, 0, 1, 1], "texture": "#2"},
				"east": {"uv": [0, 1, 1, 2], "texture": "#2"},
				"south": {"uv": [1, 0, 2, 1], "texture": "#2"},
				"west": {"uv": [1, 1, 2, 2], "texture": "#2"},
				"up": {"uv": [1, 3, 0, 2], "texture": "#2"},
				"down": {"uv": [3, 0, 2, 1], "texture": "#2"}
			}
		},
		{
			"from": [5, 5, 8],
			"to": [6, 6, 9],
			"faces": {
				"north": {"uv": [1, 2, 2, 3], "texture": "#2"},
				"east": {"uv": [2, 1, 3, 2], "texture": "#2"},
				"south": {"uv": [2, 2, 3, 3], "texture": "#2"},
				"west": {"uv": [0, 3, 1, 4], "texture": "#2"},
				"up": {"uv": [4, 1, 3, 0], "texture": "#2"},
				"down": {"uv": [2, 3, 1, 4], "texture": "#2"}
			}
		},
		{
			"from": [6, 6, 8],
			"to": [7, 7, 9],
			"faces": {
				"north": {"uv": [3, 1, 4, 2], "texture": "#2"},
				"east": {"uv": [2, 3, 3, 4], "texture": "#2"},
				"south": {"uv": [3, 2, 4, 3], "texture": "#2"},
				"west": {"uv": [3, 3, 4, 4], "texture": "#2"},
				"up": {"uv": [1, 5, 0, 4], "texture": "#2"},
				"down": {"uv": [5, 0, 4, 1], "texture": "#2"}
			}
		},
		{
			"from": [7, 7, 8],
			"to": [8, 8, 9],
			"faces": {
				"north": {"uv": [1, 4, 2, 5], "texture": "#2"},
				"east": {"uv": [4, 1, 5, 2], "texture": "#2"},
				"south": {"uv": [2, 4, 3, 5], "texture": "#2"},
				"west": {"uv": [4, 2, 5, 3], "texture": "#2"},
				"up": {"uv": [4, 5, 3, 4], "texture": "#2"},
				"down": {"uv": [5, 3, 4, 4], "texture": "#2"}
			}
		},
		{
			"from": [8, 8, 8],
			"to": [9, 9, 9],
			"faces": {
				"north": {"uv": [4, 4, 5, 5], "texture": "#2"},
				"east": {"uv": [0, 5, 1, 6], "texture": "#2"},
				"south": {"uv": [5, 0, 6, 1], "texture": "#2"},
				"west": {"uv": [1, 5, 2, 6], "texture": "#2"},
				"up": {"uv": [6, 2, 5, 1], "texture": "#2"},
				"down": {"uv": [3, 5, 2, 6], "texture": "#2"}
			}
		},
		{
			"from": [9, 9, 8],
			"to": [10, 10, 9],
			"faces": {
				"north": {"uv": [5, 2, 6, 3], "texture": "#2"},
				"east": {"uv": [3, 5, 4, 6], "texture": "#2"},
				"south": {"uv": [5, 3, 6, 4], "texture": "#2"},
				"west": {"uv": [4, 5, 5, 6], "texture": "#2"},
				"up": {"uv": [6, 5, 5, 4], "texture": "#2"},
				"down": {"uv": [6, 5, 5, 6], "texture": "#2"}
			}
		},
		{
			"from": [10, 10, 8],
			"to": [11, 11, 9],
			"faces": {
				"north": {"uv": [0, 6, 1, 7], "texture": "#2"},
				"east": {"uv": [6, 0, 7, 1], "texture": "#2"},
				"south": {"uv": [1, 6, 2, 7], "texture": "#2"},
				"west": {"uv": [6, 1, 7, 2], "texture": "#2"},
				"up": {"uv": [3, 7, 2, 6], "texture": "#2"},
				"down": {"uv": [7, 2, 6, 3], "texture": "#2"}
			}
		},
		{
			"from": [11, 11, 8],
			"to": [12, 12, 9],
			"faces": {
				"north": {"uv": [3, 6, 4, 7], "texture": "#2"},
				"east": {"uv": [6, 3, 7, 4], "texture": "#2"},
				"south": {"uv": [4, 6, 5, 7], "texture": "#2"},
				"west": {"uv": [6, 4, 7, 5], "texture": "#2"},
				"up": {"uv": [6, 7, 5, 6], "texture": "#2"},
				"down": {"uv": [7, 5, 6, 6], "texture": "#2"}
			}
		},
		{
			"from": [12, 11, 8],
			"to": [13, 12, 9],
			"faces": {
				"north": {"uv": [6, 6, 7, 7], "texture": "#2"},
				"east": {"uv": [0, 7, 1, 8], "texture": "#2"},
				"south": {"uv": [7, 0, 8, 1], "texture": "#2"},
				"west": {"uv": [1, 7, 2, 8], "texture": "#2"},
				"up": {"uv": [8, 2, 7, 1], "texture": "#2"},
				"down": {"uv": [3, 7, 2, 8], "texture": "#2"}
			}
		},
		{
			"from": [13, 12, 8],
			"to": [14, 13, 9],
			"faces": {
				"north": {"uv": [7, 2, 8, 3], "texture": "#2"},
				"east": {"uv": [3, 7, 4, 8], "texture": "#2"},
				"south": {"uv": [7, 3, 8, 4], "texture": "#2"},
				"west": {"uv": [4, 7, 5, 8], "texture": "#2"},
				"up": {"uv": [8, 5, 7, 4], "texture": "#2"},
				"down": {"uv": [6, 7, 5, 8], "texture": "#2"}
			}
		},
		{
			"from": [13, 13, 8],
			"to": [14, 14, 9],
			"faces": {
				"north": {"uv": [7, 5, 8, 6], "texture": "#2"},
				"east": {"uv": [6, 7, 7, 8], "texture": "#2"},
				"south": {"uv": [7, 6, 8, 7], "texture": "#2"},
				"west": {"uv": [7, 7, 8, 8], "texture": "#2"},
				"up": {"uv": [1, 9, 0, 8], "texture": "#2"},
				"down": {"uv": [9, 0, 8, 1], "texture": "#2"}
			}
		},
		{
			"from": [14, 13, 8],
			"to": [15, 14, 9],
			"faces": {
				"north": {"uv": [1, 8, 2, 9], "texture": "#2"},
				"east": {"uv": [8, 1, 9, 2], "texture": "#2"},
				"south": {"uv": [2, 8, 3, 9], "texture": "#2"},
				"west": {"uv": [8, 2, 9, 3], "texture": "#2"},
				"up": {"uv": [4, 9, 3, 8], "texture": "#2"},
				"down": {"uv": [9, 3, 8, 4], "texture": "#2"}
			}
		},
		{
			"from": [15, 14, 8],
			"to": [16, 15, 9],
			"faces": {
				"north": {"uv": [4, 8, 5, 9], "texture": "#2"},
				"east": {"uv": [8, 4, 9, 5], "texture": "#2"},
				"south": {"uv": [5, 8, 6, 9], "texture": "#2"},
				"west": {"uv": [8, 5, 9, 6], "texture": "#2"},
				"up": {"uv": [7, 9, 6, 8], "texture": "#2"},
				"down": {"uv": [9, 6, 8, 7], "texture": "#2"}
			}
		},
		{
			"from": [5, 4, 8],
			"to": [6, 5, 9],
			"faces": {
				"north": {"uv": [0, 0, 1, 1], "texture": "#3"},
				"east": {"uv": [0, 1, 1, 2], "texture": "#3"},
				"south": {"uv": [1, 0, 2, 1], "texture": "#3"},
				"west": {"uv": [1, 1, 2, 2], "texture": "#3"},
				"up": {"uv": [1, 3, 0, 2], "texture": "#3"},
				"down": {"uv": [3, 0, 2, 1], "texture": "#3"}
			}
		},
		{
			"from": [6, 5, 8],
			"to": [7, 6, 9],
			"faces": {
				"north": {"uv": [1, 2, 2, 3], "texture": "#3"},
				"east": {"uv": [2, 1, 3, 2], "texture": "#3"},
				"south": {"uv": [2, 2, 3, 3], "texture": "#3"},
				"west": {"uv": [0, 3, 1, 4], "texture": "#3"},
				"up": {"uv": [4, 1, 3, 0], "texture": "#3"},
				"down": {"uv": [2, 3, 1, 4], "texture": "#3"}
			}
		},
		{
			"from": [7, 6, 8],
			"to": [8, 7, 9],
			"faces": {
				"north": {"uv": [3, 1, 4, 2], "texture": "#3"},
				"east": {"uv": [2, 3, 3, 4], "texture": "#3"},
				"south": {"uv": [3, 2, 4, 3], "texture": "#3"},
				"west": {"uv": [3, 3, 4, 4], "texture": "#3"},
				"up": {"uv": [1, 5, 0, 4], "texture": "#3"},
				"down": {"uv": [5, 0, 4, 1], "texture": "#3"}
			}
		},
		{
			"from": [8, 7, 8],
			"to": [9, 8, 9],
			"faces": {
				"north": {"uv": [1, 4, 2, 5], "texture": "#3"},
				"east": {"uv": [4, 1, 5, 2], "texture": "#3"},
				"south": {"uv": [2, 4, 3, 5], "texture": "#3"},
				"west": {"uv": [4, 2, 5, 3], "texture": "#3"},
				"up": {"uv": [4, 5, 3, 4], "texture": "#3"},
				"down": {"uv": [5, 3, 4, 4], "texture": "#3"}
			}
		},
		{
			"from": [8, 7, 8],
			"to": [9, 8, 9],
			"faces": {
				"north": {"uv": [4, 4, 5, 5], "texture": "#3"},
				"east": {"uv": [0, 5, 1, 6], "texture": "#3"},
				"south": {"uv": [5, 0, 6, 1], "texture": "#3"},
				"west": {"uv": [1, 5, 2, 6], "texture": "#3"},
				"up": {"uv": [6, 2, 5, 1], "texture": "#3"},
				"down": {"uv": [3, 5, 2, 6], "texture": "#3"}
			}
		},
		{
			"from": [9, 8, 8],
			"to": [10, 9, 9],
			"faces": {
				"north": {"uv": [5, 2, 6, 3], "texture": "#3"},
				"east": {"uv": [3, 5, 4, 6], "texture": "#3"},
				"south": {"uv": [5, 3, 6, 4], "texture": "#3"},
				"west": {"uv": [4, 5, 5, 6], "texture": "#3"},
				"up": {"uv": [6, 5, 5, 4], "texture": "#3"},
				"down": {"uv": [6, 5, 5, 6], "texture": "#3"}
			}
		},
		{
			"from": [10, 9, 8],
			"to": [11, 10, 9],
			"faces": {
				"north": {"uv": [0, 6, 1, 7], "texture": "#3"},
				"east": {"uv": [6, 0, 7, 1], "texture": "#3"},
				"south": {"uv": [1, 6, 2, 7], "texture": "#3"},
				"west": {"uv": [6, 1, 7, 2], "texture": "#3"},
				"up": {"uv": [3, 7, 2, 6], "texture": "#3"},
				"down": {"uv": [7, 2, 6, 3], "texture": "#3"}
			}
		},
		{
			"from": [11, 10, 8],
			"to": [12, 11, 9],
			"faces": {
				"north": {"uv": [3, 6, 4, 7], "texture": "#3"},
				"east": {"uv": [6, 3, 7, 4], "texture": "#3"},
				"south": {"uv": [4, 6, 5, 7], "texture": "#3"},
				"west": {"uv": [6, 4, 7, 5], "texture": "#3"},
				"up": {"uv": [6, 7, 5, 6], "texture": "#3"},
				"down": {"uv": [7, 5, 6, 6], "texture": "#3"}
			}
		},
		{
			"from": [12, 10, 8],
			"to": [13, 11, 9],
			"faces": {
				"north": {"uv": [6, 6, 7, 7], "texture": "#3"},
				"east": {"uv": [0, 7, 1, 8], "texture": "#3"},
				"south": {"uv": [7, 0, 8, 1], "texture": "#3"},
				"west": {"uv": [1, 7, 2, 8], "texture": "#3"},
				"up": {"uv": [8, 2, 7, 1], "texture": "#3"},
				"down": {"uv": [3, 7, 2, 8], "texture": "#3"}
			}
		},
		{
			"from": [13, 11, 8],
			"to": [14, 12, 9],
			"faces": {
				"north": {"uv": [7, 2, 8, 3], "texture": "#3"},
				"east": {"uv": [3, 7, 4, 8], "texture": "#3"},
				"south": {"uv": [7, 3, 8, 4], "texture": "#3"},
				"west": {"uv": [4, 7, 5, 8], "texture": "#3"},
				"up": {"uv": [8, 5, 7, 4], "texture": "#3"},
				"down": {"uv": [6, 7, 5, 8], "texture": "#3"}
			}
		},
		{
			"from": [14, 12, 8],
			"to": [15, 13, 9],
			"faces": {
				"north": {"uv": [7, 5, 8, 6], "texture": "#3"},
				"east": {"uv": [6, 7, 7, 8], "texture": "#3"},
				"south": {"uv": [7, 6, 8, 7], "texture": "#3"},
				"west": {"uv": [7, 7, 8, 8], "texture": "#3"},
				"up": {"uv": [1, 9, 0, 8], "texture": "#3"},
				"down": {"uv": [9, 0, 8, 1], "texture": "#3"}
			}
		},
		{
			"from": [15, 13, 8],
			"to": [16, 14, 9],
			"faces": {
				"north": {"uv": [1, 8, 2, 9], "texture": "#3"},
				"east": {"uv": [8, 1, 9, 2], "texture": "#3"},
				"south": {"uv": [2, 8, 3, 9], "texture": "#3"},
				"west": {"uv": [8, 2, 9, 3], "texture": "#3"},
				"up": {"uv": [4, 9, 3, 8], "texture": "#3"},
				"down": {"uv": [9, 3, 8, 4], "texture": "#3"}
			}
		},
		{
			"from": [16, 14, 8],
			"to": [17, 15, 9],
			"faces": {
				"north": {"uv": [4, 8, 5, 9], "texture": "#3"},
				"east": {"uv": [8, 4, 9, 5], "texture": "#3"},
				"south": {"uv": [5, 8, 6, 9], "texture": "#3"},
				"west": {"uv": [8, 5, 9, 6], "texture": "#3"},
				"up": {"uv": [7, 9, 6, 8], "texture": "#3"},
				"down": {"uv": [9, 6, 8, 7], "texture": "#3"}
			}
		},
		{
			"from": [5, 3, 8],
			"to": [6, 4, 9],
			"faces": {
				"north": {"uv": [0, 0, 1, 1], "texture": "#4"},
				"east": {"uv": [0, 1, 1, 2], "texture": "#4"},
				"south": {"uv": [1, 0, 2, 1], "texture": "#4"},
				"west": {"uv": [1, 1, 2, 2], "texture": "#4"},
				"up": {"uv": [1, 3, 0, 2], "texture": "#4"},
				"down": {"uv": [3, 0, 2, 1], "texture": "#4"}
			}
		},
		{
			"from": [6, 3, 8],
			"to": [7, 4, 9],
			"faces": {
				"north": {"uv": [0, 0, 1, 1], "texture": "#4"},
				"east": {"uv": [0, 1, 1, 2], "texture": "#4"},
				"south": {"uv": [1, 0, 2, 1], "texture": "#4"},
				"west": {"uv": [1, 1, 2, 2], "texture": "#4"},
				"up": {"uv": [1, 3, 0, 2], "texture": "#4"},
				"down": {"uv": [3, 0, 2, 1], "texture": "#4"}
			}
		},
		{
			"from": [7, 4, 8],
			"to": [8, 5, 9],
			"faces": {
				"north": {"uv": [0, 0, 1, 1], "texture": "#4"},
				"east": {"uv": [0, 1, 1, 2], "texture": "#4"},
				"south": {"uv": [1, 0, 2, 1], "texture": "#4"},
				"west": {"uv": [1, 1, 2, 2], "texture": "#4"},
				"up": {"uv": [1, 3, 0, 2], "texture": "#4"},
				"down": {"uv": [3, 0, 2, 1], "texture": "#4"}
			}
		},
		{
			"from": [8, 5, 8],
			"to": [9, 6, 9],
			"faces": {
				"north": {"uv": [0, 0, 1, 1], "texture": "#4"},
				"east": {"uv": [0, 1, 1, 2], "texture": "#4"},
				"south": {"uv": [1, 0, 2, 1], "texture": "#4"},
				"west": {"uv": [1, 1, 2, 2], "texture": "#4"},
				"up": {"uv": [1, 3, 0, 2], "texture": "#4"},
				"down": {"uv": [3, 0, 2, 1], "texture": "#4"}
			}
		},
		{
			"from": [9, 6, 8],
			"to": [10, 7, 9],
			"faces": {
				"north": {"uv": [0, 0, 1, 1], "texture": "#4"},
				"east": {"uv": [0, 1, 1, 2], "texture": "#4"},
				"south": {"uv": [1, 0, 2, 1], "texture": "#4"},
				"west": {"uv": [1, 1, 2, 2], "texture": "#4"},
				"up": {"uv": [1, 3, 0, 2], "texture": "#4"},
				"down": {"uv": [3, 0, 2, 1], "texture": "#4"}
			}
		},
		{
			"from": [11, 8, 8],
			"to": [12, 9, 9],
			"faces": {
				"north": {"uv": [0, 0, 1, 1], "texture": "#4"},
				"east": {"uv": [0, 1, 1, 2], "texture": "#4"},
				"south": {"uv": [1, 0, 2, 1], "texture": "#4"},
				"west": {"uv": [1, 1, 2, 2], "texture": "#4"},
				"up": {"uv": [1, 3, 0, 2], "texture": "#4"},
				"down": {"uv": [3, 0, 2, 1], "texture": "#4"}
			}
		},
		{
			"from": [12, 9, 8],
			"to": [13, 10, 9],
			"faces": {
				"north": {"uv": [0, 0, 1, 1], "texture": "#4"},
				"east": {"uv": [0, 1, 1, 2], "texture": "#4"},
				"south": {"uv": [1, 0, 2, 1], "texture": "#4"},
				"west": {"uv": [1, 1, 2, 2], "texture": "#4"},
				"up": {"uv": [1, 3, 0, 2], "texture": "#4"},
				"down": {"uv": [3, 0, 2, 1], "texture": "#4"}
			}
		},
		{
			"from": [13, 10, 8],
			"to": [14, 11, 9],
			"faces": {
				"north": {"uv": [0, 0, 1, 1], "texture": "#4"},
				"east": {"uv": [0, 1, 1, 2], "texture": "#4"},
				"south": {"uv": [1, 0, 2, 1], "texture": "#4"},
				"west": {"uv": [1, 1, 2, 2], "texture": "#4"},
				"up": {"uv": [1, 3, 0, 2], "texture": "#4"},
				"down": {"uv": [3, 0, 2, 1], "texture": "#4"}
			}
		},
		{
			"from": [14, 11, 8],
			"to": [15, 12, 9],
			"faces": {
				"north": {"uv": [0, 0, 1, 1], "texture": "#4"},
				"east": {"uv": [0, 1, 1, 2], "texture": "#4"},
				"south": {"uv": [1, 0, 2, 1], "texture": "#4"},
				"west": {"uv": [1, 1, 2, 2], "texture": "#4"},
				"up": {"uv": [1, 3, 0, 2], "texture": "#4"},
				"down": {"uv": [3, 0, 2, 1], "texture": "#4"}
			}
		},
		{
			"from": [15, 12, 8],
			"to": [16, 13, 9],
			"faces": {
				"north": {"uv": [0, 0, 1, 1], "texture": "#4"},
				"east": {"uv": [0, 1, 1, 2], "texture": "#4"},
				"south": {"uv": [1, 0, 2, 1], "texture": "#4"},
				"west": {"uv": [1, 1, 2, 2], "texture": "#4"},
				"up": {"uv": [1, 3, 0, 2], "texture": "#4"},
				"down": {"uv": [3, 0, 2, 1], "texture": "#4"}
			}
		},
		{
			"from": [16, 13, 8],
			"to": [17, 14, 9],
			"faces": {
				"north": {"uv": [0, 0, 1, 1], "texture": "#4"},
				"east": {"uv": [0, 1, 1, 2], "texture": "#4"},
				"south": {"uv": [1, 0, 2, 1], "texture": "#4"},
				"west": {"uv": [1, 1, 2, 2], "texture": "#4"},
				"up": {"uv": [1, 3, 0, 2], "texture": "#4"},
				"down": {"uv": [3, 0, 2, 1], "texture": "#4"}
			}
		},
		{
			"from": [17, 14, 8],
			"to": [18, 15, 9],
			"faces": {
				"north": {"uv": [0, 0, 1, 1], "texture": "#4"},
				"east": {"uv": [0, 1, 1, 2], "texture": "#4"},
				"south": {"uv": [1, 0, 2, 1], "texture": "#4"},
				"west": {"uv": [1, 1, 2, 2], "texture": "#4"},
				"up": {"uv": [1, 3, 0, 2], "texture": "#4"},
				"down": {"uv": [3, 0, 2, 1], "texture": "#4"}
			}
		},
		{
			"from": [10, 7, 8],
			"to": [11, 8, 9],
			"faces": {
				"north": {"uv": [0, 0, 1, 1], "texture": "#4"},
				"east": {"uv": [0, 1, 1, 2], "texture": "#4"},
				"south": {"uv": [1, 0, 2, 1], "texture": "#4"},
				"west": {"uv": [1, 1, 2, 2], "texture": "#4"},
				"up": {"uv": [1, 3, 0, 2], "texture": "#4"},
				"down": {"uv": [3, 0, 2, 1], "texture": "#4"}
			}
		},
		{
			"from": [8, 6, 8],
			"to": [9, 7, 9],
			"faces": {
				"north": {"uv": [1, 2, 2, 3], "texture": "#4"},
				"east": {"uv": [2, 1, 3, 2], "texture": "#4"},
				"south": {"uv": [2, 2, 3, 3], "texture": "#4"},
				"west": {"uv": [0, 3, 1, 4], "texture": "#4"},
				"up": {"uv": [4, 1, 3, 0], "texture": "#4"},
				"down": {"uv": [2, 3, 1, 4], "texture": "#4"}
			}
		},
		{
			"from": [9, 7, 8],
			"to": [10, 8, 9],
			"faces": {
				"north": {"uv": [3, 1, 4, 2], "texture": "#4"},
				"east": {"uv": [2, 3, 3, 4], "texture": "#4"},
				"south": {"uv": [3, 2, 4, 3], "texture": "#4"},
				"west": {"uv": [3, 3, 4, 4], "texture": "#4"},
				"up": {"uv": [1, 5, 0, 4], "texture": "#4"},
				"down": {"uv": [5, 0, 4, 1], "texture": "#4"}
			}
		},
		{
			"from": [10, 8, 8],
			"to": [11, 9, 9],
			"faces": {
				"north": {"uv": [1, 4, 2, 5], "texture": "#4"},
				"east": {"uv": [4, 1, 5, 2], "texture": "#4"},
				"south": {"uv": [2, 4, 3, 5], "texture": "#4"},
				"west": {"uv": [4, 2, 5, 3], "texture": "#4"},
				"up": {"uv": [4, 5, 3, 4], "texture": "#4"},
				"down": {"uv": [5, 3, 4, 4], "texture": "#4"}
			}
		},
		{
			"from": [11, 9, 8],
			"to": [12, 10, 9],
			"faces": {
				"north": {"uv": [4, 4, 5, 5], "texture": "#4"},
				"east": {"uv": [0, 5, 1, 6], "texture": "#4"},
				"south": {"uv": [5, 0, 6, 1], "texture": "#4"},
				"west": {"uv": [1, 5, 2, 6], "texture": "#4"},
				"up": {"uv": [6, 2, 5, 1], "texture": "#4"},
				"down": {"uv": [3, 5, 2, 6], "texture": "#4"}
			}
		},
		{
			"from": [7, 5, 8],
			"to": [8, 6, 9],
			"faces": {
				"north": {"uv": [5, 2, 6, 3], "texture": "#4"},
				"east": {"uv": [3, 5, 4, 6], "texture": "#4"},
				"south": {"uv": [5, 3, 6, 4], "texture": "#4"},
				"west": {"uv": [4, 5, 5, 6], "texture": "#4"},
				"up": {"uv": [6, 5, 5, 4], "texture": "#4"},
				"down": {"uv": [6, 5, 5, 6], "texture": "#4"}
			}
		},
		{
			"from": [6, 4, 8],
			"to": [7, 5, 9],
			"faces": {
				"north": {"uv": [0, 6, 1, 7], "texture": "#4"},
				"east": {"uv": [6, 0, 7, 1], "texture": "#4"},
				"south": {"uv": [1, 6, 2, 7], "texture": "#4"},
				"west": {"uv": [6, 1, 7, 2], "texture": "#4"},
				"up": {"uv": [3, 7, 2, 6], "texture": "#4"},
				"down": {"uv": [7, 2, 6, 3], "texture": "#4"}
			}
		},
		{
			"from": [4, 5, 8],
			"to": [5, 6, 9],
			"faces": {
				"north": {"uv": [0, 0, 1, 1], "texture": "#5"},
				"east": {"uv": [0, 1, 1, 2], "texture": "#5"},
				"south": {"uv": [1, 0, 2, 1], "texture": "#5"},
				"west": {"uv": [1, 1, 2, 2], "texture": "#5"},
				"up": {"uv": [1, 3, 0, 2], "texture": "#5"},
				"down": {"uv": [3, 0, 2, 1], "texture": "#5"}
			}
		},
		{
			"from": [4, 6, 8],
			"to": [5, 7, 9],
			"faces": {
				"north": {"uv": [0, 0, 1, 1], "texture": "#5"},
				"east": {"uv": [0, 1, 1, 2], "texture": "#5"},
				"south": {"uv": [1, 0, 2, 1], "texture": "#5"},
				"west": {"uv": [1, 1, 2, 2], "texture": "#5"},
				"up": {"uv": [1, 3, 0, 2], "texture": "#5"},
				"down": {"uv": [3, 0, 2, 1], "texture": "#5"}
			}
		},
		{
			"from": [5, 7, 8],
			"to": [6, 8, 9],
			"faces": {
				"north": {"uv": [0, 0, 1, 1], "texture": "#5"},
				"east": {"uv": [0, 1, 1, 2], "texture": "#5"},
				"south": {"uv": [1, 0, 2, 1], "texture": "#5"},
				"west": {"uv": [1, 1, 2, 2], "texture": "#5"},
				"up": {"uv": [1, 3, 0, 2], "texture": "#5"},
				"down": {"uv": [3, 0, 2, 1], "texture": "#5"}
			}
		},
		{
			"from": [6, 8, 8],
			"to": [7, 9, 9],
			"faces": {
				"north": {"uv": [0, 0, 1, 1], "texture": "#5"},
				"east": {"uv": [0, 1, 1, 2], "texture": "#5"},
				"south": {"uv": [1, 0, 2, 1], "texture": "#5"},
				"west": {"uv": [1, 1, 2, 2], "texture": "#5"},
				"up": {"uv": [1, 3, 0, 2], "texture": "#5"},
				"down": {"uv": [3, 0, 2, 1], "texture": "#5"}
			}
		},
		{
			"from": [7, 9, 8],
			"to": [8, 10, 9],
			"faces": {
				"north": {"uv": [0, 0, 1, 1], "texture": "#5"},
				"east": {"uv": [0, 1, 1, 2], "texture": "#5"},
				"south": {"uv": [1, 0, 2, 1], "texture": "#5"},
				"west": {"uv": [1, 1, 2, 2], "texture": "#5"},
				"up": {"uv": [1, 3, 0, 2], "texture": "#5"},
				"down": {"uv": [3, 0, 2, 1], "texture": "#5"}
			}
		},
		{
			"from": [8, 10, 8],
			"to": [9, 11, 9],
			"faces": {
				"north": {"uv": [0, 0, 1, 1], "texture": "#5"},
				"east": {"uv": [0, 1, 1, 2], "texture": "#5"},
				"south": {"uv": [1, 0, 2, 1], "texture": "#5"},
				"west": {"uv": [1, 1, 2, 2], "texture": "#5"},
				"up": {"uv": [1, 3, 0, 2], "texture": "#5"},
				"down": {"uv": [3, 0, 2, 1], "texture": "#5"}
			}
		},
		{
			"from": [9, 11, 8],
			"to": [10, 12, 9],
			"faces": {
				"north": {"uv": [0, 0, 1, 1], "texture": "#5"},
				"east": {"uv": [0, 1, 1, 2], "texture": "#5"},
				"south": {"uv": [1, 0, 2, 1], "texture": "#5"},
				"west": {"uv": [1, 1, 2, 2], "texture": "#5"},
				"up": {"uv": [1, 3, 0, 2], "texture": "#5"},
				"down": {"uv": [3, 0, 2, 1], "texture": "#5"}
			}
		},
		{
			"from": [10, 12, 8],
			"to": [11, 13, 9],
			"faces": {
				"north": {"uv": [0, 0, 1, 1], "texture": "#5"},
				"east": {"uv": [0, 1, 1, 2], "texture": "#5"},
				"south": {"uv": [1, 0, 2, 1], "texture": "#5"},
				"west": {"uv": [1, 1, 2, 2], "texture": "#5"},
				"up": {"uv": [1, 3, 0, 2], "texture": "#5"},
				"down": {"uv": [3, 0, 2, 1], "texture": "#5"}
			}
		},
		{
			"from": [11, 13, 8],
			"to": [12, 14, 9],
			"faces": {
				"north": {"uv": [0, 0, 1, 1], "texture": "#5"},
				"east": {"uv": [0, 1, 1, 2], "texture": "#5"},
				"south": {"uv": [1, 0, 2, 1], "texture": "#5"},
				"west": {"uv": [1, 1, 2, 2], "texture": "#5"},
				"up": {"uv": [1, 3, 0, 2], "texture": "#5"},
				"down": {"uv": [3, 0, 2, 1], "texture": "#5"}
			}
		},
		{
			"from": [12, 14, 8],
			"to": [13, 15, 9],
			"faces": {
				"north": {"uv": [0, 0, 1, 1], "texture": "#5"},
				"east": {"uv": [0, 1, 1, 2], "texture": "#5"},
				"south": {"uv": [1, 0, 2, 1], "texture": "#5"},
				"west": {"uv": [1, 1, 2, 2], "texture": "#5"},
				"up": {"uv": [1, 3, 0, 2], "texture": "#5"},
				"down": {"uv": [3, 0, 2, 1], "texture": "#5"}
			}
		},
		{
			"from": [13, 15, 8],
			"to": [14, 16, 9],
			"faces": {
				"north": {"uv": [0, 0, 1, 1], "texture": "#5"},
				"east": {"uv": [0, 1, 1, 2], "texture": "#5"},
				"south": {"uv": [1, 0, 2, 1], "texture": "#5"},
				"west": {"uv": [1, 1, 2, 2], "texture": "#5"},
				"up": {"uv": [1, 3, 0, 2], "texture": "#5"},
				"down": {"uv": [3, 0, 2, 1], "texture": "#5"}
			}
		},
		{
			"from": [14, 16, 8],
			"to": [15, 17, 9],
			"faces": {
				"north": {"uv": [0, 0, 1, 1], "texture": "#5"},
				"east": {"uv": [0, 1, 1, 2], "texture": "#5"},
				"south": {"uv": [1, 0, 2, 1], "texture": "#5"},
				"west": {"uv": [1, 1, 2, 2], "texture": "#5"},
				"up": {"uv": [1, 3, 0, 2], "texture": "#5"},
				"down": {"uv": [3, 0, 2, 1], "texture": "#5"}
			}
		},
		{
			"from": [15, 17, 8],
			"to": [16, 18, 9],
			"faces": {
				"north": {"uv": [0, 0, 1, 1], "texture": "#5"},
				"east": {"uv": [0, 1, 1, 2], "texture": "#5"},
				"south": {"uv": [1, 0, 2, 1], "texture": "#5"},
				"west": {"uv": [1, 1, 2, 2], "texture": "#5"},
				"up": {"uv": [1, 3, 0, 2], "texture": "#5"},
				"down": {"uv": [3, 0, 2, 1], "texture": "#5"}
			}
		},
		{
			"from": [16, 17, 8],
			"to": [17, 18, 9],
			"faces": {
				"north": {"uv": [0, 0, 1, 1], "texture": "#5"},
				"east": {"uv": [0, 1, 1, 2], "texture": "#5"},
				"south": {"uv": [1, 0, 2, 1], "texture": "#5"},
				"west": {"uv": [1, 1, 2, 2], "texture": "#5"},
				"up": {"uv": [1, 3, 0, 2], "texture": "#5"},
				"down": {"uv": [3, 0, 2, 1], "texture": "#5"}
			}
		},
		{
			"from": [17, 16, 8],
			"to": [18, 17, 9],
			"faces": {
				"north": {"uv": [0, 0, 1, 1], "texture": "#5"},
				"east": {"uv": [0, 1, 1, 2], "texture": "#5"},
				"south": {"uv": [1, 0, 2, 1], "texture": "#5"},
				"west": {"uv": [1, 1, 2, 2], "texture": "#5"},
				"up": {"uv": [1, 3, 0, 2], "texture": "#5"},
				"down": {"uv": [3, 0, 2, 1], "texture": "#5"}
			}
		},
		{
			"from": [17, 17, 8],
			"to": [18, 18, 9],
			"faces": {
				"north": {"uv": [0, 0, 1, 1], "texture": "#5"},
				"east": {"uv": [0, 1, 1, 2], "texture": "#5"},
				"south": {"uv": [1, 0, 2, 1], "texture": "#5"},
				"west": {"uv": [1, 1, 2, 2], "texture": "#5"},
				"up": {"uv": [1, 3, 0, 2], "texture": "#5"},
				"down": {"uv": [3, 0, 2, 1], "texture": "#5"}
			}
		},
		{
			"from": [5, 6, 8],
			"to": [6, 7, 9],
			"faces": {
				"north": {"uv": [1, 2, 2, 3], "texture": "#5"},
				"east": {"uv": [2, 1, 3, 2], "texture": "#5"},
				"south": {"uv": [2, 2, 3, 3], "texture": "#5"},
				"west": {"uv": [0, 3, 1, 4], "texture": "#5"},
				"up": {"uv": [4, 1, 3, 0], "texture": "#5"},
				"down": {"uv": [2, 3, 1, 4], "texture": "#5"}
			}
		},
		{
			"from": [6, 7, 8],
			"to": [7, 8, 9],
			"faces": {
				"north": {"uv": [3, 1, 4, 2], "texture": "#5"},
				"east": {"uv": [2, 3, 3, 4], "texture": "#5"},
				"south": {"uv": [3, 2, 4, 3], "texture": "#5"},
				"west": {"uv": [3, 3, 4, 4], "texture": "#5"},
				"up": {"uv": [1, 5, 0, 4], "texture": "#5"},
				"down": {"uv": [5, 0, 4, 1], "texture": "#5"}
			}
		},
		{
			"from": [7, 8, 8],
			"to": [8, 9, 9],
			"faces": {
				"north": {"uv": [1, 4, 2, 5], "texture": "#5"},
				"east": {"uv": [4, 1, 5, 2], "texture": "#5"},
				"south": {"uv": [2, 4, 3, 5], "texture": "#5"},
				"west": {"uv": [4, 2, 5, 3], "texture": "#5"},
				"up": {"uv": [4, 5, 3, 4], "texture": "#5"},
				"down": {"uv": [5, 3, 4, 4], "texture": "#5"}
			}
		},
		{
			"from": [8, 9, 8],
			"to": [9, 10, 9],
			"faces": {
				"north": {"uv": [4, 4, 5, 5], "texture": "#5"},
				"east": {"uv": [0, 5, 1, 6], "texture": "#5"},
				"south": {"uv": [5, 0, 6, 1], "texture": "#5"},
				"west": {"uv": [1, 5, 2, 6], "texture": "#5"},
				"up": {"uv": [6, 2, 5, 1], "texture": "#5"},
				"down": {"uv": [3, 5, 2, 6], "texture": "#5"}
			}
		},
		{
			"from": [9, 10, 8],
			"to": [10, 11, 9],
			"faces": {
				"north": {"uv": [5, 2, 6, 3], "texture": "#5"},
				"east": {"uv": [3, 5, 4, 6], "texture": "#5"},
				"south": {"uv": [5, 3, 6, 4], "texture": "#5"},
				"west": {"uv": [4, 5, 5, 6], "texture": "#5"},
				"up": {"uv": [6, 5, 5, 4], "texture": "#5"},
				"down": {"uv": [6, 5, 5, 6], "texture": "#5"}
			}
		},
		{
			"from": [10, 11, 8],
			"to": [11, 12, 9],
			"faces": {
				"north": {"uv": [0, 6, 1, 7], "texture": "#5"},
				"east": {"uv": [6, 0, 7, 1], "texture": "#5"},
				"south": {"uv": [1, 6, 2, 7], "texture": "#5"},
				"west": {"uv": [6, 1, 7, 2], "texture": "#5"},
				"up": {"uv": [3, 7, 2, 6], "texture": "#5"},
				"down": {"uv": [7, 2, 6, 3], "texture": "#5"}
			}
		},
		{
			"from": [11, 12, 8],
			"to": [12, 13, 9],
			"faces": {
				"north": {"uv": [3, 6, 4, 7], "texture": "#5"},
				"east": {"uv": [6, 3, 7, 4], "texture": "#5"},
				"south": {"uv": [4, 6, 5, 7], "texture": "#5"},
				"west": {"uv": [6, 4, 7, 5], "texture": "#5"},
				"up": {"uv": [6, 7, 5, 6], "texture": "#5"},
				"down": {"uv": [7, 5, 6, 6], "texture": "#5"}
			}
		},
		{
			"from": [12, 12, 8],
			"to": [13, 13, 9],
			"faces": {
				"north": {"uv": [6, 6, 7, 7], "texture": "#5"},
				"east": {"uv": [0, 7, 1, 8], "texture": "#5"},
				"south": {"uv": [7, 0, 8, 1], "texture": "#5"},
				"west": {"uv": [1, 7, 2, 8], "texture": "#5"},
				"up": {"uv": [8, 2, 7, 1], "texture": "#5"},
				"down": {"uv": [3, 7, 2, 8], "texture": "#5"}
			}
		},
		{
			"from": [12, 13, 8],
			"to": [13, 14, 9],
			"faces": {
				"north": {"uv": [7, 2, 8, 3], "texture": "#5"},
				"east": {"uv": [3, 7, 4, 8], "texture": "#5"},
				"south": {"uv": [7, 3, 8, 4], "texture": "#5"},
				"west": {"uv": [4, 7, 5, 8], "texture": "#5"},
				"up": {"uv": [8, 5, 7, 4], "texture": "#5"},
				"down": {"uv": [6, 7, 5, 8], "texture": "#5"}
			}
		},
		{
			"from": [13, 14, 8],
			"to": [14, 15, 9],
			"faces": {
				"north": {"uv": [7, 5, 8, 6], "texture": "#5"},
				"east": {"uv": [6, 7, 7, 8], "texture": "#5"},
				"south": {"uv": [7, 6, 8, 7], "texture": "#5"},
				"west": {"uv": [7, 7, 8, 8], "texture": "#5"},
				"up": {"uv": [1, 9, 0, 8], "texture": "#5"},
				"down": {"uv": [9, 0, 8, 1], "texture": "#5"}
			}
		},
		{
			"from": [14, 14, 8],
			"to": [15, 15, 9],
			"faces": {
				"north": {"uv": [1, 8, 2, 9], "texture": "#5"},
				"east": {"uv": [8, 1, 9, 2], "texture": "#5"},
				"south": {"uv": [2, 8, 3, 9], "texture": "#5"},
				"west": {"uv": [8, 2, 9, 3], "texture": "#5"},
				"up": {"uv": [4, 9, 3, 8], "texture": "#5"},
				"down": {"uv": [9, 3, 8, 4], "texture": "#5"}
			}
		},
		{
			"from": [14, 15, 8],
			"to": [15, 16, 9],
			"faces": {
				"north": {"uv": [4, 8, 5, 9], "texture": "#5"},
				"east": {"uv": [8, 4, 9, 5], "texture": "#5"},
				"south": {"uv": [5, 8, 6, 9], "texture": "#5"},
				"west": {"uv": [8, 5, 9, 6], "texture": "#5"},
				"up": {"uv": [7, 9, 6, 8], "texture": "#5"},
				"down": {"uv": [9, 6, 8, 7], "texture": "#5"}
			}
		},
		{
			"from": [15, 15, 8],
			"to": [16, 16, 9],
			"faces": {
				"north": {"uv": [7, 8, 8, 9], "texture": "#5"},
				"east": {"uv": [8, 7, 9, 8], "texture": "#5"},
				"south": {"uv": [8, 8, 9, 9], "texture": "#5"},
				"west": {"uv": [0, 9, 1, 10], "texture": "#5"},
				"up": {"uv": [10, 1, 9, 0], "texture": "#5"},
				"down": {"uv": [2, 9, 1, 10], "texture": "#5"}
			}
		},
		{
			"from": [16, 15, 8],
			"to": [17, 16, 9],
			"faces": {
				"north": {"uv": [9, 1, 10, 2], "texture": "#5"},
				"east": {"uv": [2, 9, 3, 10], "texture": "#5"},
				"south": {"uv": [9, 2, 10, 3], "texture": "#5"},
				"west": {"uv": [3, 9, 4, 10], "texture": "#5"},
				"up": {"uv": [10, 4, 9, 3], "texture": "#5"},
				"down": {"uv": [5, 9, 4, 10], "texture": "#5"}
			}
		},
		{
			"from": [17, 15, 8],
			"to": [18, 16, 9],
			"faces": {
				"north": {"uv": [9, 4, 10, 5], "texture": "#5"},
				"east": {"uv": [5, 9, 6, 10], "texture": "#5"},
				"south": {"uv": [9, 5, 10, 6], "texture": "#5"},
				"west": {"uv": [6, 9, 7, 10], "texture": "#5"},
				"up": {"uv": [10, 7, 9, 6], "texture": "#5"},
				"down": {"uv": [8, 9, 7, 10], "texture": "#5"}
			}
		},
		{
			"from": [16, 16, 8],
			"to": [17, 17, 9],
			"faces": {
				"north": {"uv": [9, 7, 10, 8], "texture": "#5"},
				"east": {"uv": [8, 9, 9, 10], "texture": "#5"},
				"south": {"uv": [9, 8, 10, 9], "texture": "#5"},
				"west": {"uv": [9, 9, 10, 10], "texture": "#5"},
				"up": {"uv": [1, 11, 0, 10], "texture": "#5"},
				"down": {"uv": [11, 0, 10, 1], "texture": "#5"}
			}
		},
		{
			"from": [15, 16, 8],
			"to": [16, 17, 9],
			"faces": {
				"north": {"uv": [1, 10, 2, 11], "texture": "#5"},
				"east": {"uv": [10, 1, 11, 2], "texture": "#5"},
				"south": {"uv": [2, 10, 3, 11], "texture": "#5"},
				"west": {"uv": [10, 2, 11, 3], "texture": "#5"},
				"up": {"uv": [4, 11, 3, 10], "texture": "#5"},
				"down": {"uv": [11, 3, 10, 4], "texture": "#5"}
			}
		}
	],
	"display": {
		"thirdperson_righthand": {
			"rotation": [0, 90, 75],
			"translation": [0, 5.5, 5.5]
		},
		"thirdperson_lefthand": {
			"rotation": [0, -90, -75],
			"translation": [0, 5.5, 5.5]
		},
		"firstperson_righthand": {
			"rotation": [0, 90, 45],
			"translation": [0, 2.75, 2.75]
		},
		"firstperson_lefthand": {
			"rotation": [0, -90, -45],
			"translation": [0, 2.75, 2.75]
		},
		"ground": {
			"translation": [0, 2, 0]
		}
	},
	"groups": [
		{
			"name": "dark_handle",
			"origin": [0, 0, 0],
			"color": 0,
			"children": [0, 1, 2, 3, 4, 5, 6, 7, 8]
		},
		{
			"name": "light_handle",
			"origin": [8, 8, 8],
			"color": 0,
			"children": [9, 10, 11]
		},
		{
			"name": "gray_blade",
			"origin": [8, 8, 8],
			"color": 0,
			"children": [12, 13, 14, 15, 16, 17, 18, 19, 20, 21, 22, 23, 24]
		},
		{
			"name": "dark_gray_blade",
			"origin": [8, 8, 8],
			"color": 0,
			"children": [25, 26, 27, 28, 29, 30, 31, 32, 33, 34, 35, 36, 37]
		},
		{
			"name": "black_blade",
			"origin": [8, 8, 8],
			"color": 0,
			"children": [38, 39, 40, 41, 42, 43, 44, 45, 46, 47, 48, 49, 50, 51, 52, 53, 54, 55, 56]
		},
		{
			"name": "light_gray_blade",
			"origin": [8, 8, 8],
			"color": 0,
			"children": [57, 58, 59, 60, 61, 62, 63, 64, 65, 66, 67, 68, 69, 70, 71, 72, 73, 74, 75, 76, 77, 78, 79, 80, 81, 82, 83, 84, 85, 86, 87, 88, 89]
		}
	]
}