{
	"credit": "Made with Blockbench",
	"textures": {
		"0": "block/heart",
		"particle": "block/heart"
	},
	"elements": [
		{
			"from": [0, 0, 8],
			"to": [16, 16, 8],
			"faces": {
				"north": {"uv": [0, 0, 16, 16], "texture": "#0"},
				"east": {"uv": [0, 0, 0, 16], "texture": "#0"},
				"south": {"uv": [0, 0, 16, 16], "texture": "#0"},
				"west": {"uv": [0, 0, 0, 16], "texture": "#0"},
				"up": {"uv": [0, 0, 16, 0], "texture": "#0"},
				"down": {"uv": [0, 0, 16, 0], "texture": "#0"}
			}
		}
	],
	"display": {
		"thirdperson_righthand": {
			"scale": [1, 1, 4]
		}
	}
}