{
	"credit": "Made with Blockbench",
	"textures": {
		"0": "block/main",
		"1": "block/side1",
		"2": "block/side2",
		"3": "block/side3",
		"4": "block/side4",
		"5": "block/handle",
		"6": "block/top",
		"7": "block/cubebottom",
		"particle": "block/main"
	},
	"elements": [
		{
			"from": [1, 0, 1],
			"to": [15, 15, 15],
			"faces": {
				"north": {"uv": [0, 0, 3.5, 3.75], "texture": "#0"},
				"east": {"uv": [3.5, 0, 7, 3.75], "texture": "#0"},
				"south": {"uv": [0, 3.75, 3.5, 7.5], "texture": "#0"},
				"west": {"uv": [3.5, 3.75, 7, 7.5], "texture": "#0"},
				"up": {"uv": [10.5, 3.5, 7, 0], "texture": "#0"},
				"down": {"uv": [10.5, 3.5, 7, 7], "texture": "#0"}
			}
		},
		{
			"from": [7, 15, 7],
			"to": [9, 27, 9],
			"faces": {
				"north": {"uv": [0, 0, 2, 12], "texture": "#5"},
				"east": {"uv": [2, 0, 4, 12], "texture": "#5"},
				"south": {"uv": [4, 0, 6, 12], "texture": "#5"},
				"west": {"uv": [6, 0, 8, 12], "texture": "#5"},
				"up": {"uv": [10, 2, 8, 0], "texture": "#5"},
				"down": {"uv": [10, 2, 8, 4], "texture": "#5"}
			}
		},
		{
			"from": [7, 27, 3],
			"to": [9, 29, 12],
			"faces": {
				"north": {"uv": [4, 4, 6, 6], "texture": "#6"},
				"east": {"uv": [0, 0, 9, 2], "texture": "#6"},
				"south": {"uv": [4, 6, 6, 8], "texture": "#6"},
				"west": {"uv": [0, 2, 9, 4], "texture": "#6"},
				"up": {"uv": [2, 13, 0, 4], "texture": "#6"},
				"down": {"uv": [4, 4, 2, 13], "texture": "#6"}
			}
		},
		{
			"from": [7, 25, 10],
			"to": [9, 27, 12],
			"faces": {
				"north": {"uv": [0, 0, 2, 2], "texture": "#7"},
				"east": {"uv": [0, 2, 2, 4], "texture": "#7"},
				"south": {"uv": [2, 0, 4, 2], "texture": "#7"},
				"west": {"uv": [2, 2, 4, 4], "texture": "#7"},
				"up": {"uv": [2, 6, 0, 4], "texture": "#7"},
				"down": {"uv": [6, 0, 4, 2], "texture": "#7"}
			}
		},
		{
			"from": [2, 0, 0],
			"to": [14, 15, 1],
			"faces": {
				"north": {"uv": [0, 0, 6, 7.5], "texture": "#1"},
				"east": {"uv": [0, 7.5, 0.5, 15], "texture": "#1"},
				"south": {"uv": [6, 0, 12, 7.5], "texture": "#1"},
				"west": {"uv": [0.5, 7.5, 1, 15], "texture": "#1"},
				"up": {"uv": [7, 8, 1, 7.5], "texture": "#1"},
				"down": {"uv": [13, 7.5, 7, 8], "texture": "#1"}
			}
		},
		{
			"from": [0, 0, 2],
			"to": [1, 15, 14],
			"faces": {
				"north": {"uv": [0, 7.5, 0.5, 15], "texture": "#2"},
				"east": {"uv": [0, 0, 6, 7.5], "texture": "#2"},
				"south": {"uv": [0.5, 7.5, 1, 15], "texture": "#2"},
				"west": {"uv": [6, 0, 12, 7.5], "texture": "#2"},
				"up": {"uv": [1.5, 13.5, 1, 7.5], "texture": "#2"},
				"down": {"uv": [2, 7.5, 1.5, 13.5], "texture": "#2"}
			}
		},
		{
			"from": [2, 0, 15],
			"to": [14, 15, 16],
			"faces": {
				"north": {"uv": [0, 0, 6, 7.5], "texture": "#4"},
				"east": {"uv": [0, 7.5, 0.5, 15], "texture": "#4"},
				"south": {"uv": [6, 0, 12, 7.5], "texture": "#4"},
				"west": {"uv": [0.5, 7.5, 1, 15], "texture": "#4"},
				"up": {"uv": [7, 8, 1, 7.5], "texture": "#4"},
				"down": {"uv": [13, 7.5, 7, 8], "texture": "#4"}
			}
		},
		{
			"from": [15, 0, 2],
			"to": [16, 15, 14],
			"faces": {
				"north": {"uv": [0, 7.5, 0.5, 15], "texture": "#3"},
				"east": {"uv": [0, 0, 6, 7.5], "texture": "#3"},
				"south": {"uv": [0.5, 7.5, 1, 15], "texture": "#3"},
				"west": {"uv": [6, 0, 12, 7.5], "texture": "#3"},
				"up": {"uv": [1.5, 13.5, 1, 7.5], "texture": "#3"},
				"down": {"uv": [2, 7.5, 1.5, 13.5], "texture": "#3"}
			}
		}
	],
	"display": {
		"thirdperson_righthand": {
			"translation": [0, -7.5, 0],
			"scale": [0.5, 0.5, 0.5]
		},
		"thirdperson_lefthand": {
			"translation": [-12, -5, 1.5],
			"scale": [0.5, 0.5, 0.5]
		},
		"firstperson_righthand": {
			"translation": [0, -9.5, 0]
		},
		"firstperson_lefthand": {
			"translation": [0, -9.25, 0]
		},
		"ground": {
			"scale": [0.5, 0.5, 0.5]
		},
		"gui": {
			"rotation": [35, -40, 0],
			"scale": [0.75, 0.75, 0.75]
		},
		"fixed": {
			"translation": [0, 0, -1.75],
			"scale": [0.75, 0.75, 0.75]
		}
	}
}