{
	"credit": "Made with Blockbench",
	"textures": {
		"3": "block/blackmetalbase",
		"4": "block/silvermetalfront",
		"5": "block/wood"
	},
	"elements": [
		{
			"from": [6.90625, 6.375, 15.34375],
			"to": [6.96875, 6.9375, 16.15625],
			"faces": {
				"north": {"uv": [0, 0, 0.125, 0.1875], "texture": "#3"},
				"east": {"uv": [0, 0, 1.125, 0.1875], "texture": "#3"},
				"south": {"uv": [0, 0, 0.125, 0.1875], "texture": "#3"},
				"west": {"uv": [0, 0, 1.125, 0.1875], "texture": "#3"},
				"up": {"uv": [0, 0, 1.125, 0.125], "rotation": 90, "texture": "#3"},
				"down": {"uv": [0, 0, 1.125, 0.125], "rotation": 270, "texture": "#3"}
			}
		},
		{
			"from": [6.96875, 6.9375, 15.34375],
			"to": [7.03125, 7.0625, 16.15625],
			"faces": {
				"north": {"uv": [0, 0, 0.125, 0.1875], "rotation": 270, "texture": "#3"},
				"east": {"uv": [0, 0, 1.125, 0.125], "texture": "#3"},
				"south": {"uv": [0, 0, 0.125, 0.1875], "rotation": 90, "texture": "#3"},
				"west": {"uv": [0, 0, 1.125, 0.125], "rotation": 180, "texture": "#3"},
				"up": {"uv": [0, 0, 1.125, 0.1875], "rotation": 90, "texture": "#3"},
				"down": {"uv": [0, 0, 1.125, 0.1875], "rotation": 270, "texture": "#3"}
			}
		},
		{
			"from": [7.03125, 7.0625, 15.34375],
			"to": [7.09375, 7.125, 16.15625],
			"faces": {
				"north": {"uv": [0, 0, 0.125, 0.1875], "rotation": 270, "texture": "#3"},
				"east": {"uv": [0, 0, 1.125, 0.125], "texture": "#3"},
				"south": {"uv": [0, 0, 0.125, 0.1875], "rotation": 90, "texture": "#3"},
				"west": {"uv": [0, 0, 1.125, 0.125], "rotation": 180, "texture": "#3"},
				"up": {"uv": [0, 0, 1.125, 0.1875], "rotation": 90, "texture": "#3"},
				"down": {"uv": [0, 0, 1.125, 0.1875], "rotation": 270, "texture": "#3"}
			}
		},
		{
			"from": [7.09375, 7.125, 15.34375],
			"to": [7.21875, 7.1875, 16.15625],
			"faces": {
				"north": {"uv": [0, 0, 0.125, 0.1875], "rotation": 180, "texture": "#3"},
				"east": {"uv": [0, 0, 1.125, 0.1875], "texture": "#3"},
				"south": {"uv": [0, 0, 0.125, 0.1875], "rotation": 180, "texture": "#3"},
				"west": {"uv": [0, 0, 1.125, 0.1875], "rotation": 180, "texture": "#3"},
				"up": {"uv": [0, 0, 1.125, 0.125], "rotation": 270, "texture": "#3"},
				"down": {"uv": [0, 0, 1.125, 0.125], "rotation": 270, "texture": "#3"}
			}
		},
		{
			"from": [7.21875, 7.1875, 15.34375],
			"to": [7.78125, 7.25, 16.15625],
			"faces": {
				"north": {"uv": [0, 0, 0.125, 0.1875], "rotation": 270, "texture": "#3"},
				"east": {"uv": [0, 0, 1.125, 0.125], "texture": "#3"},
				"south": {"uv": [0, 0, 0.125, 0.1875], "rotation": 90, "texture": "#3"},
				"west": {"uv": [0, 0, 1.125, 0.125], "rotation": 180, "texture": "#3"},
				"up": {"uv": [0, 0, 1.125, 0.1875], "rotation": 90, "texture": "#3"},
				"down": {"uv": [0, 0, 1.125, 0.1875], "rotation": 270, "texture": "#3"}
			}
		},
		{
			"from": [7.78125, 7.125, 15.34375],
			"to": [7.90625, 7.1875, 16.15625],
			"faces": {
				"north": {"uv": [0.125, 0, 0, 0.1875], "rotation": 180, "texture": "#3"},
				"east": {"uv": [1.125, 0, 0, 0.1875], "rotation": 180, "texture": "#3"},
				"south": {"uv": [0.125, 0, 0, 0.1875], "rotation": 180, "texture": "#3"},
				"west": {"uv": [1.125, 0, 0, 0.1875], "texture": "#3"},
				"up": {"uv": [0, 0.125, 1.125, 0], "rotation": 270, "texture": "#3"},
				"down": {"uv": [0, 0.125, 1.125, 0], "rotation": 270, "texture": "#3"}
			}
		},
		{
			"from": [7.90625, 7.0625, 15.34375],
			"to": [7.96875, 7.125, 16.15625],
			"faces": {
				"north": {"uv": [0, 0.1875, 0.125, 0], "rotation": 270, "texture": "#3"},
				"east": {"uv": [1.125, 0, 0, 0.125], "rotation": 180, "texture": "#3"},
				"south": {"uv": [0, 0.1875, 0.125, 0], "rotation": 90, "texture": "#3"},
				"west": {"uv": [1.125, 0, 0, 0.125], "texture": "#3"},
				"up": {"uv": [0, 0.1875, 1.125, 0], "rotation": 90, "texture": "#3"},
				"down": {"uv": [0, 0.1875, 1.125, 0], "rotation": 270, "texture": "#3"}
			}
		},
		{
			"from": [7.96875, 6.9375, 15.34375],
			"to": [8.03125, 7.0625, 16.15625],
			"faces": {
				"north": {"uv": [0, 0.1875, 0.125, 0], "rotation": 270, "texture": "#3"},
				"east": {"uv": [1.125, 0, 0, 0.125], "rotation": 180, "texture": "#3"},
				"south": {"uv": [0, 0.1875, 0.125, 0], "rotation": 90, "texture": "#3"},
				"west": {"uv": [1.125, 0, 0, 0.125], "texture": "#3"},
				"up": {"uv": [0, 0.1875, 1.125, 0], "rotation": 90, "texture": "#3"},
				"down": {"uv": [0, 0.1875, 1.125, 0], "rotation": 270, "texture": "#3"}
			}
		},
		{
			"from": [8.03125, 6.375, 15.34375],
			"to": [8.09375, 6.9375, 16.15625],
			"faces": {
				"north": {"uv": [0.125, 0, 0, 0.1875], "texture": "#3"},
				"east": {"uv": [1.125, 0, 0, 0.1875], "texture": "#3"},
				"south": {"uv": [0.125, 0, 0, 0.1875], "texture": "#3"},
				"west": {"uv": [1.125, 0, 0, 0.1875], "texture": "#3"},
				"up": {"uv": [0, 0.125, 1.125, 0], "rotation": 90, "texture": "#3"},
				"down": {"uv": [0, 0.125, 1.125, 0], "rotation": 270, "texture": "#3"}
			}
		},
		{
			"from": [7.96875, 6.25, 15.34375],
			"to": [8.03125, 6.375, 16.15625],
			"faces": {
				"north": {"uv": [0.125, 0.1875, 0, 0], "rotation": 270, "texture": "#3"},
				"east": {"uv": [1.125, 0.125, 0, 0], "rotation": 180, "texture": "#3"},
				"south": {"uv": [0.125, 0.1875, 0, 0], "rotation": 90, "texture": "#3"},
				"west": {"uv": [1.125, 0.125, 0, 0], "texture": "#3"},
				"up": {"uv": [1.125, 0.1875, 0, 0], "rotation": 270, "texture": "#3"},
				"down": {"uv": [1.125, 0.1875, 0, 0], "rotation": 90, "texture": "#3"}
			}
		},
		{
			"from": [7.90625, 6.1875, 15.34375],
			"to": [7.96875, 6.25, 16.15625],
			"faces": {
				"north": {"uv": [0.125, 0.1875, 0, 0], "rotation": 270, "texture": "#3"},
				"east": {"uv": [1.125, 0.125, 0, 0], "rotation": 180, "texture": "#3"},
				"south": {"uv": [0.125, 0.1875, 0, 0], "rotation": 90, "texture": "#3"},
				"west": {"uv": [1.125, 0.125, 0, 0], "texture": "#3"},
				"up": {"uv": [1.125, 0.1875, 0, 0], "rotation": 270, "texture": "#3"},
				"down": {"uv": [1.125, 0.1875, 0, 0], "rotation": 90, "texture": "#3"}
			}
		},
		{
			"from": [7.78125, 6.125, 15.34375],
			"to": [7.90625, 6.1875, 16.15625],
			"faces": {
				"north": {"uv": [0.125, 0.1875, 0, 0], "rotation": 180, "texture": "#3"},
				"east": {"uv": [1.125, 0.1875, 0, 0], "rotation": 180, "texture": "#3"},
				"south": {"uv": [0.125, 0.1875, 0, 0], "rotation": 180, "texture": "#3"},
				"west": {"uv": [1.125, 0.1875, 0, 0], "texture": "#3"},
				"up": {"uv": [1.125, 0.125, 0, 0], "rotation": 270, "texture": "#3"},
				"down": {"uv": [1.125, 0.125, 0, 0], "rotation": 270, "texture": "#3"}
			}
		},
		{
			"from": [7.21875, 6.0625, 15.34375],
			"to": [7.78125, 6.125, 16.15625],
			"faces": {
				"north": {"uv": [0.125, 0, 0, 0.1875], "rotation": 270, "texture": "#3"},
				"east": {"uv": [0, 0.125, 1.125, 0], "texture": "#3"},
				"south": {"uv": [0.125, 0, 0, 0.1875], "rotation": 90, "texture": "#3"},
				"west": {"uv": [0, 0.125, 1.125, 0], "rotation": 180, "texture": "#3"},
				"up": {"uv": [0, 0, 8, 8], "rotation": 270, "texture": "#3"},
				"down": {"uv": [1.125, 0, 0, 0.1875], "rotation": 90, "texture": "#3"}
			}
		},
		{
			"from": [7.09375, 6.125, 15.34375],
			"to": [7.21875, 6.1875, 16.15625],
			"faces": {
				"north": {"uv": [0, 0.1875, 0.125, 0], "rotation": 180, "texture": "#3"},
				"east": {"uv": [0, 0.1875, 1.125, 0], "texture": "#3"},
				"south": {"uv": [0, 0.1875, 0.125, 0], "rotation": 180, "texture": "#3"},
				"west": {"uv": [0, 0.1875, 1.125, 0], "rotation": 180, "texture": "#3"},
				"up": {"uv": [1.125, 0, 0, 0.125], "rotation": 270, "texture": "#3"},
				"down": {"uv": [1.125, 0, 0, 0.125], "rotation": 270, "texture": "#3"}
			}
		},
		{
			"from": [7.03125, 6.1875, 15.34375],
			"to": [7.09375, 6.25, 16.15625],
			"faces": {
				"north": {"uv": [0.125, 0, 0, 0.1875], "rotation": 270, "texture": "#3"},
				"east": {"uv": [0, 0.125, 1.125, 0], "texture": "#3"},
				"south": {"uv": [0.125, 0, 0, 0.1875], "rotation": 90, "texture": "#3"},
				"west": {"uv": [0, 0.125, 1.125, 0], "rotation": 180, "texture": "#3"},
				"up": {"uv": [1.125, 0, 0, 0.1875], "rotation": 270, "texture": "#3"},
				"down": {"uv": [1.125, 0, 0, 0.1875], "rotation": 90, "texture": "#3"}
			}
		},
		{
			"from": [6.96875, 6.25, 15.34375],
			"to": [7.03125, 6.375, 16.15625],
			"faces": {
				"north": {"uv": [0.125, 0, 0, 0.1875], "rotation": 270, "texture": "#3"},
				"east": {"uv": [0, 0.125, 1.125, 0], "texture": "#3"},
				"south": {"uv": [0.125, 0, 0, 0.1875], "rotation": 90, "texture": "#3"},
				"west": {"uv": [0, 0.125, 1.125, 0], "rotation": 180, "texture": "#3"},
				"up": {"uv": [1.125, 0, 0, 0.1875], "rotation": 270, "texture": "#3"},
				"down": {"uv": [1.125, 0, 0, 0.1875], "rotation": 90, "texture": "#3"}
			}
		},
		{
			"from": [7.40625, 7.25, 15.40625],
			"to": [7.59375, 7.3125, 16.15625],
			"faces": {
				"north": {"uv": [0, 0, 0.125, 0.1875], "rotation": 270, "texture": "#3"},
				"east": {"uv": [0, 0, 1.125, 0.125], "texture": "#3"},
				"south": {"uv": [0, 0, 0.125, 0.1875], "rotation": 90, "texture": "#3"},
				"west": {"uv": [0, 0, 1.125, 0.125], "rotation": 180, "texture": "#3"},
				"up": {"uv": [0, 0, 1.125, 0.1875], "rotation": 90, "texture": "#3"},
				"down": {"uv": [0, 0, 1.125, 0.1875], "rotation": 270, "texture": "#3"}
			}
		},
		{
			"from": [7.40625, 7.3125, 15.46875],
			"to": [7.59375, 7.375, 16.15625],
			"faces": {
				"north": {"uv": [0, 0, 0.125, 0.1875], "rotation": 270, "texture": "#3"},
				"east": {"uv": [0, 0, 1.125, 0.125], "texture": "#3"},
				"south": {"uv": [0, 0, 0.125, 0.1875], "rotation": 90, "texture": "#3"},
				"west": {"uv": [0, 0, 1.125, 0.125], "rotation": 180, "texture": "#3"},
				"up": {"uv": [0, 0, 1.125, 0.1875], "rotation": 90, "texture": "#3"},
				"down": {"uv": [0, 0, 1.125, 0.1875], "rotation": 270, "texture": "#3"}
			}
		},
		{
			"from": [7.40625, 7.375, 15.53125],
			"to": [7.59375, 7.4375, 16.15625],
			"faces": {
				"north": {"uv": [0, 0, 0.125, 0.1875], "rotation": 270, "texture": "#3"},
				"east": {"uv": [0, 0, 1.125, 0.125], "texture": "#3"},
				"south": {"uv": [0, 0, 0.125, 0.1875], "rotation": 90, "texture": "#3"},
				"west": {"uv": [0, 0, 1.125, 0.125], "rotation": 180, "texture": "#3"},
				"up": {"uv": [0, 0, 1.125, 0.1875], "rotation": 90, "texture": "#3"},
				"down": {"uv": [0, 0, 1.125, 0.1875], "rotation": 270, "texture": "#3"}
			}
		},
		{
			"from": [7.40625, 7.4375, 15.59375],
			"to": [7.59375, 7.5, 16.15625],
			"faces": {
				"north": {"uv": [0, 0, 0.125, 0.1875], "rotation": 270, "texture": "#3"},
				"east": {"uv": [0, 0, 1.125, 0.125], "texture": "#3"},
				"south": {"uv": [0, 0, 0.125, 0.1875], "rotation": 90, "texture": "#3"},
				"west": {"uv": [0, 0, 1.125, 0.125], "rotation": 180, "texture": "#3"},
				"up": {"uv": [0, 0, 1.125, 0.1875], "rotation": 90, "texture": "#3"},
				"down": {"uv": [0, 0, 1.125, 0.1875], "rotation": 270, "texture": "#3"}
			}
		},
		{
			"from": [7.40625, 7.5, 15.71875],
			"to": [7.59375, 7.5625, 16.15625],
			"faces": {
				"north": {"uv": [0, 0, 0.125, 0.1875], "rotation": 270, "texture": "#3"},
				"east": {"uv": [0, 0, 1.125, 0.125], "texture": "#3"},
				"south": {"uv": [0, 0, 0.125, 0.1875], "rotation": 90, "texture": "#3"},
				"west": {"uv": [0, 0, 1.125, 0.125], "rotation": 180, "texture": "#3"},
				"up": {"uv": [0, 0, 1.125, 0.1875], "rotation": 90, "texture": "#3"},
				"down": {"uv": [0, 0, 1.125, 0.1875], "rotation": 270, "texture": "#3"}
			}
		},
		{
			"from": [7.03125, 6.375, 14.34375],
			"to": [7.09375, 6.9375, 14.78125],
			"faces": {
				"north": {"uv": [0, 0, 0.125, 0.1875], "texture": "#3"},
				"east": {"uv": [0, 0, 16, 16], "rotation": 180, "texture": "#3"},
				"south": {"uv": [0, 0, 0.125, 0.1875], "texture": "#3"},
				"west": {"uv": [0, 1, 11.438, 12.563], "texture": "#3"},
				"up": {"uv": [0, 0, 1.125, 0.125], "rotation": 90, "texture": "#3"},
				"down": {"uv": [0, 0, 1.125, 0.125], "rotation": 270, "texture": "#3"}
			}
		},
		{
			"from": [7.21875, 7.0625, 14.34375],
			"to": [7.78125, 7.125, 14.78125],
			"faces": {
				"north": {"uv": [0, 0, 0.125, 0.1875], "rotation": 270, "texture": "#3"},
				"east": {"uv": [0, 0, 16, 16], "texture": "#3"},
				"south": {"uv": [0, 0, 0.125, 0.1875], "rotation": 90, "texture": "#3"},
				"west": {"uv": [0, 0, 0.4375, 0.0625], "rotation": 180, "texture": "#3"},
				"up": {"uv": [2, 3, 11, 12], "rotation": 90, "texture": "#3"},
				"down": {"uv": [0, 0, 1.125, 0.1875], "rotation": 270, "texture": "#3"}
			}
		},
		{
			"from": [7.09375, 6.9375, 14.34375],
			"to": [7.21875, 7.0625, 14.78125],
			"faces": {
				"north": {"uv": [0, 0, 0.125, 0.1875], "rotation": 270, "texture": "#3"},
				"east": {"uv": [0, 0, 16, 16], "texture": "#3"},
				"south": {"uv": [0, 0, 3, 3], "rotation": 90, "texture": "#3"},
				"west": {"uv": [0, 0, 0.4375, 0.125], "rotation": 180, "texture": "#3"},
				"up": {"uv": [0, 0, 1.125, 0.1875], "rotation": 90, "texture": "#3"},
				"down": {"uv": [0, 0, 1.125, 0.1875], "rotation": 270, "texture": "#3"}
			}
		},
		{
			"from": [7.09375, 6.25, 14.34375],
			"to": [7.21875, 6.375, 14.78125],
			"faces": {
				"north": {"uv": [0.125, 0, 0, 0.1875], "rotation": 270, "texture": "#3"},
				"east": {"uv": [0, 0, 16, 16], "texture": "#3"},
				"south": {"uv": [11, 10, 14, 13], "rotation": 90, "texture": "#3"},
				"west": {"uv": [0, 0, 0.4375, 0.125], "rotation": 180, "texture": "#3"},
				"up": {"uv": [11.125, 11, 4, 14.188], "rotation": 270, "texture": "#3"},
				"down": {"uv": [1.125, 0, 0, 0.1875], "rotation": 90, "texture": "#3"}
			}
		},
		{
			"from": [7.21875, 6.1875, 14.34375],
			"to": [7.78125, 6.25, 14.78125],
			"faces": {
				"north": {"uv": [0.125, 0, 0, 0.1875], "rotation": 270, "texture": "#3"},
				"east": {"uv": [0, 8, 10, 10], "texture": "#3"},
				"south": {"uv": [0.125, 0, 0, 0.1875], "rotation": 90, "texture": "#3"},
				"west": {"uv": [0, 0, 0.4375, 0.0625], "rotation": 180, "texture": "#3"},
				"up": {"uv": [0, 4, 9, 12], "rotation": 270, "texture": "#3"},
				"down": {"uv": [2, 4, 9, 11], "rotation": 90, "texture": "#3"}
			}
		},
		{
			"from": [7.78125, 6.25, 14.34375],
			"to": [7.90625, 6.375, 14.78125],
			"faces": {
				"north": {"uv": [0.125, 0.1875, 0, 0], "rotation": 270, "texture": "#3"},
				"east": {"uv": [0, 7, 11, 10], "rotation": 180, "texture": "#3"},
				"south": {"uv": [0.125, 0.1875, 0, 0], "rotation": 90, "texture": "#3"},
				"west": {"uv": [0, 0, 0.4375, 0.125], "texture": "#3"},
				"up": {"uv": [1.125, 0.1875, 0, 0], "rotation": 270, "texture": "#3"},
				"down": {"uv": [1.125, 0.1875, 0, 0], "rotation": 90, "texture": "#3"}
			}
		},
		{
			"from": [7.90625, 6.375, 14.34375],
			"to": [7.96875, 6.9375, 14.78125],
			"faces": {
				"north": {"uv": [0.125, 0, 0, 0.1875], "texture": "#3"},
				"east": {"uv": [1, 3, 10, 12], "texture": "#3"},
				"south": {"uv": [0.125, 0, 0, 0.1875], "texture": "#3"},
				"west": {"uv": [5, 3, 14, 12], "texture": "#3"},
				"up": {"uv": [0, 0.125, 1.125, 0], "rotation": 90, "texture": "#3"},
				"down": {"uv": [0, 0.125, 1.125, 0], "rotation": 270, "texture": "#3"}
			}
		},
		{
			"from": [7.78125, 6.9375, 14.34375],
			"to": [7.90625, 7.0625, 14.78125],
			"faces": {
				"north": {"uv": [0, 0.1875, 0.125, 0], "rotation": 270, "texture": "#3"},
				"east": {"uv": [0, 0, 16, 16], "rotation": 180, "texture": "#3"},
				"south": {"uv": [0, 0.1875, 0.125, 0], "rotation": 90, "texture": "#3"},
				"west": {"uv": [4, 0, 14, 6], "texture": "#3"},
				"up": {"uv": [0, 0.1875, 1.125, 0], "rotation": 90, "texture": "#3"},
				"down": {"uv": [0, 0.1875, 1.125, 0], "rotation": 270, "texture": "#3"}
			}
		},
		{
			"from": [7.21875, 7.125, 14.78125],
			"to": [7.78125, 7.1875, 15.46875],
			"faces": {
				"north": {"uv": [0, 0, 0.125, 0.1875], "rotation": 270, "texture": "#3"},
				"east": {"uv": [0, 0, 16, 16], "texture": "#3"},
				"south": {"uv": [10, 1, 12, 15], "rotation": 90, "texture": "#3"},
				"west": {"uv": [0, 0, 0.6875, 0.0625], "rotation": 180, "texture": "#3"},
				"up": {"uv": [0, 0, 16, 16], "rotation": 90, "texture": "#3"},
				"down": {"uv": [8, 5, 16, 13], "rotation": 270, "texture": "#3"}
			}
		},
		{
			"from": [7.09375, 7.0625, 14.78125],
			"to": [7.21875, 7.125, 15.46875],
			"faces": {
				"north": {"uv": [0, 0, 0.125, 0.1875], "rotation": 180, "texture": "#3"},
				"east": {"uv": [0, 0, 16, 16], "texture": "#3"},
				"south": {"uv": [0, 0, 0.125, 0.1875], "rotation": 180, "texture": "#3"},
				"west": {"uv": [0, 0, 0.6875, 0.0625], "rotation": 180, "texture": "#3"},
				"up": {"uv": [0, 0, 1.125, 0.125], "rotation": 270, "texture": "#3"},
				"down": {"uv": [0, 0, 1.125, 0.125], "rotation": 270, "texture": "#3"}
			}
		},
		{
			"from": [7.03125, 6.9375, 14.78125],
			"to": [7.09375, 7.0625, 15.46875],
			"faces": {
				"north": {"uv": [0, 0, 0.125, 0.1875], "rotation": 270, "texture": "#3"},
				"east": {"uv": [9, 4, 16, 12], "rotation": 180, "texture": "#3"},
				"south": {"uv": [0, 0, 0.125, 0.1875], "rotation": 90, "texture": "#3"},
				"west": {"uv": [0, 0, 0.6875, 0.125], "rotation": 180, "texture": "#3"},
				"up": {"uv": [0, 0, 1.125, 0.1875], "rotation": 90, "texture": "#3"},
				"down": {"uv": [0, 0, 1.125, 0.1875], "rotation": 270, "texture": "#3"}
			}
		},
		{
			"from": [6.96875, 6.375, 14.78125],
			"to": [7.03125, 6.9375, 15.46875],
			"faces": {
				"north": {"uv": [0, 0, 0.125, 0.1875], "texture": "#3"},
				"east": {"uv": [6, 5, 16, 16], "rotation": 180, "texture": "#3"},
				"south": {"uv": [15, 1, 16, 15], "texture": "#3"},
				"west": {"uv": [0, 0, 16, 16], "texture": "#3"},
				"up": {"uv": [0, 0, 1.125, 0.125], "rotation": 90, "texture": "#3"},
				"down": {"uv": [0, 0, 1.125, 0.125], "rotation": 270, "texture": "#3"}
			}
		},
		{
			"from": [7.03125, 6.25, 14.78125],
			"to": [7.09375, 6.375, 15.46875],
			"faces": {
				"north": {"uv": [0.125, 0, 0, 0.1875], "rotation": 270, "texture": "#3"},
				"east": {"uv": [0, 0, 16, 16], "texture": "#3"},
				"south": {"uv": [0.125, 0, 0, 0.1875], "rotation": 90, "texture": "#3"},
				"west": {"uv": [0, 0, 0.6875, 0.125], "rotation": 180, "texture": "#3"},
				"up": {"uv": [1.125, 0, 0, 0.1875], "rotation": 270, "texture": "#3"},
				"down": {"uv": [1.125, 0, 0, 0.1875], "rotation": 90, "texture": "#3"}
			}
		},
		{
			"from": [7.09375, 6.1875, 14.78125],
			"to": [7.21875, 6.25, 15.46875],
			"faces": {
				"north": {"uv": [0, 0.1875, 0.125, 0], "rotation": 180, "texture": "#3"},
				"east": {"uv": [0, 0, 16, 16], "texture": "#3"},
				"south": {"uv": [0, 0.1875, 0.125, 0], "rotation": 180, "texture": "#3"},
				"west": {"uv": [0, 0, 0.6875, 0.0625], "rotation": 180, "texture": "#3"},
				"up": {"uv": [15.125, 12, 10, 13.125], "rotation": 270, "texture": "#3"},
				"down": {"uv": [1.125, 0, 0, 0.125], "rotation": 270, "texture": "#3"}
			}
		},
		{
			"from": [7.21875, 6.125, 14.78125],
			"to": [7.78125, 6.1875, 15.46875],
			"faces": {
				"north": {"uv": [0.125, 0, 0, 0.1875], "rotation": 270, "texture": "#3"},
				"east": {"uv": [0, 0, 16, 16], "texture": "#3"},
				"south": {"uv": [14, 0, 16, 16], "rotation": 90, "texture": "#3"},
				"west": {"uv": [0, 0, 0.6875, 0.0625], "rotation": 180, "texture": "#3"},
				"up": {"uv": [6, 4, 16, 10], "rotation": 90, "texture": "#3"},
				"down": {"uv": [0, 0, 16, 16], "rotation": 270, "texture": "#3"}
			}
		},
		{
			"from": [7.78125, 6.1875, 14.78125],
			"to": [7.90625, 6.25, 15.46875],
			"faces": {
				"north": {"uv": [0.125, 0.1875, 0, 0], "rotation": 180, "texture": "#3"},
				"east": {"uv": [0, 0, 16, 16], "rotation": 180, "texture": "#3"},
				"south": {"uv": [0.125, 0.1875, 0, 0], "rotation": 180, "texture": "#3"},
				"west": {"uv": [0, 0, 0.6875, 0.0625], "texture": "#3"},
				"up": {"uv": [14.125, 7.125, 10, 6], "rotation": 270, "texture": "#3"},
				"down": {"uv": [1.125, 0.125, 0, 0], "rotation": 270, "texture": "#3"}
			}
		},
		{
			"from": [7.90625, 6.25, 14.78125],
			"to": [7.96875, 6.375, 15.46875],
			"faces": {
				"north": {"uv": [0.125, 0.1875, 0, 0], "rotation": 270, "texture": "#3"},
				"east": {"uv": [0, 0, 16, 16], "rotation": 180, "texture": "#3"},
				"south": {"uv": [0.125, 0.1875, 0, 0], "rotation": 90, "texture": "#3"},
				"west": {"uv": [0, 0, 0.6875, 0.125], "texture": "#3"},
				"up": {"uv": [1.125, 0.1875, 0, 0], "rotation": 270, "texture": "#3"},
				"down": {"uv": [1.125, 0.1875, 0, 0], "rotation": 90, "texture": "#3"}
			}
		},
		{
			"from": [7.96875, 6.375, 14.78125],
			"to": [8.03125, 6.9375, 15.46875],
			"faces": {
				"north": {"uv": [0.125, 0, 0, 0.1875], "texture": "#3"},
				"east": {"uv": [0, 0, 16, 16], "rotation": 180, "texture": "#3"},
				"south": {"uv": [14, 0, 16, 14], "texture": "#3"},
				"west": {"uv": [6, 6, 15.688, 15.563], "texture": "#3"},
				"up": {"uv": [0, 0.125, 1.125, 0], "rotation": 90, "texture": "#3"},
				"down": {"uv": [0, 0.125, 1.125, 0], "rotation": 270, "texture": "#3"}
			}
		},
		{
			"from": [7.90625, 6.9375, 14.78125],
			"to": [7.96875, 7.0625, 15.46875],
			"faces": {
				"north": {"uv": [0, 0.1875, 0.125, 0], "rotation": 270, "texture": "#3"},
				"east": {"uv": [0, 0, 16, 16], "rotation": 180, "texture": "#3"},
				"south": {"uv": [0, 0.1875, 0.125, 0], "rotation": 90, "texture": "#3"},
				"west": {"uv": [0, 0, 0.6875, 0.125], "texture": "#3"},
				"up": {"uv": [0, 0.1875, 1.125, 0], "rotation": 90, "texture": "#3"},
				"down": {"uv": [0, 0.1875, 1.125, 0], "rotation": 270, "texture": "#3"}
			}
		},
		{
			"from": [7.78125, 7.0625, 14.78125],
			"to": [7.90625, 7.125, 15.46875],
			"faces": {
				"north": {"uv": [0.125, 0, 0, 0.1875], "rotation": 180, "texture": "#3"},
				"east": {"uv": [0, 0, 16, 16], "rotation": 180, "texture": "#3"},
				"south": {"uv": [0.125, 0, 0, 0.1875], "rotation": 180, "texture": "#3"},
				"west": {"uv": [0, 0, 0.6875, 0.0625], "texture": "#3"},
				"up": {"uv": [0, 0.125, 1.125, 0], "rotation": 270, "texture": "#3"},
				"down": {"uv": [0, 0.125, 1.125, 0], "rotation": 270, "texture": "#3"}
			}
		},
		{
			"from": [7.78125, 6.3125, 8.40625],
			"to": [7.96875, 7, 13.65625],
			"faces": {
				"north": {"uv": [0, 0, 0.125, 0.1875], "texture": "#3"},
				"east": {"uv": [0, 0, 1.125, 0.1875], "texture": "#3"},
				"south": {"uv": [0, 0, 0.125, 0.1875], "texture": "#3"},
				"west": {"uv": [0, 0, 1.125, 0.1875], "texture": "#3"},
				"up": {"uv": [0, 0, 1.125, 0.125], "rotation": 90, "texture": "#3"},
				"down": {"uv": [0, 0, 1.125, 0.125], "rotation": 270, "texture": "#3"}
			}
		},
		{
			"from": [7.84375, 6.25, 8.40625],
			"to": [7.90625, 6.3125, 13.65625],
			"faces": {
				"north": {"uv": [0, 0, 0.0625, 0.0625], "texture": "#3"},
				"east": {"uv": [0, 0, 1.125, 0.0625], "texture": "#3"},
				"south": {"uv": [0, 0, 0.0625, 0.0625], "texture": "#3"},
				"west": {"uv": [0, 0, 1.125, 0.0625], "texture": "#3"},
				"up": {"uv": [0, 0, 1.125, 0.0625], "rotation": 90, "texture": "#3"},
				"down": {"uv": [0, 0, 1.125, 0.0625], "rotation": 270, "texture": "#3"}
			}
		},
		{
			"from": [7.09375, 6.25, 8.40625],
			"to": [7.15625, 6.3125, 13.65625],
			"faces": {
				"north": {"uv": [0, 0, 0.0625, 0.0625], "texture": "#3"},
				"east": {"uv": [0, 0, 1.125, 0.0625], "texture": "#3"},
				"south": {"uv": [0, 0, 0.0625, 0.0625], "texture": "#3"},
				"west": {"uv": [0, 0, 1.125, 0.0625], "texture": "#3"},
				"up": {"uv": [0, 0, 1.125, 0.0625], "rotation": 90, "texture": "#3"},
				"down": {"uv": [0, 0, 1.125, 0.0625], "rotation": 270, "texture": "#3"}
			}
		},
		{
			"from": [7.03125, 6.3125, 8.40625],
			"to": [7.21875, 7, 13.65625],
			"faces": {
				"north": {"uv": [0, 0, 0.125, 0.1875], "texture": "#3"},
				"east": {"uv": [0, 0, 1.125, 0.1875], "texture": "#3"},
				"south": {"uv": [0, 0, 0.125, 0.1875], "texture": "#3"},
				"west": {"uv": [0, 0, 1.125, 0.1875], "texture": "#3"},
				"up": {"uv": [0, 0, 1.125, 0.125], "rotation": 90, "texture": "#3"},
				"down": {"uv": [0, 0, 1.125, 0.125], "rotation": 270, "texture": "#3"}
			}
		},
		{
			"from": [7.09375, 7, 8.40625],
			"to": [7.15625, 7.0625, 13.65625],
			"faces": {
				"north": {"uv": [0, 0, 0.0625, 0.0625], "texture": "#3"},
				"east": {"uv": [0, 0, 1.125, 0.0625], "texture": "#3"},
				"south": {"uv": [0, 0, 0.0625, 0.0625], "texture": "#3"},
				"west": {"uv": [0, 0, 1.125, 0.0625], "texture": "#3"},
				"up": {"uv": [0, 0, 1.125, 0.0625], "rotation": 90, "texture": "#3"},
				"down": {"uv": [0, 0, 1.125, 0.0625], "rotation": 270, "texture": "#3"}
			}
		},
		{
			"from": [7.84375, 7, 8.40625],
			"to": [7.90625, 7.0625, 13.65625],
			"faces": {
				"north": {"uv": [0, 0, 0.0625, 0.0625], "texture": "#3"},
				"east": {"uv": [0, 0, 1.125, 0.0625], "texture": "#3"},
				"south": {"uv": [0, 0, 0.0625, 0.0625], "texture": "#3"},
				"west": {"uv": [0, 0, 1.125, 0.0625], "texture": "#3"},
				"up": {"uv": [0, 0, 1.125, 0.0625], "rotation": 90, "texture": "#3"},
				"down": {"uv": [0, 0, 1.125, 0.0625], "rotation": 270, "texture": "#3"}
			}
		},
		{
			"from": [7.15625, 6.9375, 8.40625],
			"to": [7.84375, 7.125, 13.65625],
			"faces": {
				"north": {"uv": [0, 0, 0.1875, 0.125], "texture": "#3"},
				"east": {"uv": [0, 0, 1.125, 0.125], "texture": "#3"},
				"south": {"uv": [0, 0, 0.1875, 0.125], "texture": "#3"},
				"west": {"uv": [0, 0, 1.125, 0.125], "texture": "#3"},
				"up": {"uv": [0, 0, 1.125, 0.1875], "rotation": 90, "texture": "#3"},
				"down": {"uv": [0, 0, 1.125, 0.1875], "rotation": 270, "texture": "#3"}
			}
		},
		{
			"from": [6.96875, 6.375, 8.40625],
			"to": [7.03125, 6.9375, 13.65625],
			"faces": {
				"north": {"uv": [0, 0, 0.125, 0.1875], "texture": "#3"},
				"east": {"uv": [0, 0, 1.125, 0.1875], "texture": "#3"},
				"south": {"uv": [0, 0, 0.125, 0.1875], "texture": "#3"},
				"west": {"uv": [0, 0, 7.125, 2.188], "texture": "#3"},
				"up": {"uv": [0, 0, 1.125, 0.125], "rotation": 90, "texture": "#3"},
				"down": {"uv": [0, 0, 1.125, 0.125], "rotation": 270, "texture": "#3"}
			}
		},
		{
			"from": [7.96875, 6.375, 8.40625],
			"to": [8.03125, 6.9375, 13.65625],
			"faces": {
				"north": {"uv": [0, 0, 0.125, 0.1875], "texture": "#3"},
				"east": {"uv": [0, 0, 14.125, 2.188], "texture": "#3"},
				"south": {"uv": [0, 0, 0.125, 0.1875], "texture": "#3"},
				"west": {"uv": [0, 0, 1.125, 0.1875], "texture": "#3"},
				"up": {"uv": [0, 0, 1.125, 0.125], "rotation": 90, "texture": "#3"},
				"down": {"uv": [0, 0, 1.125, 0.125], "rotation": 270, "texture": "#3"}
			}
		},
		{
			"from": [7.21875, 7.125, 8.40625],
			"to": [7.78125, 7.1875, 13.65625],
			"faces": {
				"north": {"uv": [0, 0, 0.125, 0.1875], "rotation": 90, "texture": "#3"},
				"east": {"uv": [0, 0, 1.125, 0.125], "rotation": 180, "texture": "#3"},
				"south": {"uv": [0, 0, 0.125, 0.1875], "rotation": 270, "texture": "#3"},
				"west": {"uv": [0, 0, 1.125, 0.125], "rotation": 180, "texture": "#3"},
				"up": {"uv": [0, 13, 15.125, 15.188], "rotation": 270, "texture": "#3"},
				"down": {"uv": [0, 0, 1.125, 0.1875], "rotation": 270, "texture": "#3"}
			}
		},
		{
			"from": [7.15625, 6.1875, 8.78125],
			"to": [7.78125, 6.375, 13.65625],
			"faces": {
				"north": {"uv": [0, 0, 0.1875, 0.125], "texture": "#3"},
				"east": {"uv": [0, 0, 1.125, 0.125], "texture": "#3"},
				"south": {"uv": [0, 0, 0.1875, 0.125], "texture": "#3"},
				"west": {"uv": [0, 0, 1.125, 0.125], "texture": "#3"},
				"up": {"uv": [0, 0, 1.125, 0.1875], "rotation": 90, "texture": "#3"},
				"down": {"uv": [0, 0, 1.125, 0.1875], "rotation": 270, "texture": "#3"}
			}
		},
		{
			"from": [7.21875, 6.125, 13.46875],
			"to": [7.78125, 6.1875, 13.65625],
			"faces": {
				"north": {"uv": [0, 0, 0.125, 0.1875], "rotation": 90, "texture": "#3"},
				"east": {"uv": [0, 0, 1.125, 0.125], "rotation": 180, "texture": "#3"},
				"south": {"uv": [0, 0, 0.125, 0.1875], "rotation": 270, "texture": "#3"},
				"west": {"uv": [0, 0, 1.125, 0.125], "rotation": 180, "texture": "#3"},
				"up": {"uv": [0, 0, 1.125, 0.1875], "rotation": 270, "texture": "#3"},
				"down": {"uv": [0, 0, 1.125, 0.1875], "rotation": 270, "texture": "#3"}
			}
		},
		{
			"from": [7.84375, 6.25, 13.65625],
			"to": [8.03125, 7.0625, 14.34375],
			"faces": {
				"north": {"uv": [0, 0, 0.125, 0.1875], "texture": "#4"},
				"east": {"uv": [0, 6, 12, 8], "rotation": 180, "texture": "#4"},
				"south": {"uv": [0, 0, 0.125, 0.1875], "texture": "#4"},
				"west": {"uv": [2, 3, 11.688, 12.813], "texture": "#4"},
				"up": {"uv": [0, 0, 1.125, 0.125], "rotation": 90, "texture": "#4"},
				"down": {"uv": [0, 0, 1.125, 0.125], "rotation": 270, "texture": "#4"}
			}
		},
		{
			"from": [7.78125, 6.1875, 13.65625],
			"to": [7.96875, 6.375, 14.34375],
			"faces": {
				"north": {"uv": [0, 0, 0.0625, 0.0625], "texture": "#4"},
				"east": {"uv": [0, 6, 11, 9], "rotation": 180, "texture": "#4"},
				"south": {"uv": [0, 0, 0.0625, 0.0625], "texture": "#4"},
				"west": {"uv": [0, 0, 0.6875, 0.1875], "texture": "#4"},
				"up": {"uv": [0, 0, 1.125, 0.0625], "rotation": 90, "texture": "#4"},
				"down": {"uv": [0, 0, 1.125, 0.0625], "rotation": 270, "texture": "#4"}
			}
		},
		{
			"from": [7.03125, 6.1875, 13.65625],
			"to": [7.21875, 6.375, 14.34375],
			"faces": {
				"north": {"uv": [0, 0, 0.0625, 0.0625], "texture": "#4"},
				"east": {"uv": [0, 0, 16, 16], "texture": "#4"},
				"south": {"uv": [0, 0, 0.0625, 0.0625], "texture": "#4"},
				"west": {"uv": [0, 0, 0.6875, 0.1875], "texture": "#4"},
				"up": {"uv": [0, 0, 1.125, 0.0625], "rotation": 90, "texture": "#4"},
				"down": {"uv": [0, 0, 1.125, 0.0625], "rotation": 270, "texture": "#4"}
			}
		},
		{
			"from": [6.96875, 6.25, 13.65625],
			"to": [7.15625, 7.0625, 14.34375],
			"faces": {
				"north": {"uv": [0, 0, 0.125, 0.1875], "texture": "#4"},
				"east": {"uv": [0, 0, 16, 16], "texture": "#4"},
				"south": {"uv": [0, 0, 0.125, 0.1875], "texture": "#4"},
				"west": {"uv": [0, 0, 0.6875, 0.8125], "texture": "#4"},
				"up": {"uv": [0, 0, 1.125, 0.125], "rotation": 90, "texture": "#4"},
				"down": {"uv": [0, 0, 1.125, 0.125], "rotation": 270, "texture": "#4"}
			}
		},
		{
			"from": [7.03125, 6.9375, 13.65625],
			"to": [7.21875, 7.125, 14.34375],
			"faces": {
				"north": {"uv": [0, 0, 0.0625, 0.0625], "texture": "#4"},
				"east": {"uv": [0, 0, 11, 1], "texture": "#4"},
				"south": {"uv": [0, 0, 0.0625, 0.0625], "texture": "#4"},
				"west": {"uv": [0, 7, 11, 8], "texture": "#4"},
				"up": {"uv": [0, 0, 1.125, 0.0625], "rotation": 90, "texture": "#4"},
				"down": {"uv": [0, 0, 1.125, 0.0625], "rotation": 270, "texture": "#4"}
			}
		},
		{
			"from": [7.78125, 6.9375, 13.65625],
			"to": [7.96875, 7.125, 14.34375],
			"faces": {
				"north": {"uv": [0, 0, 0.0625, 0.0625], "texture": "#4"},
				"east": {"uv": [0, 0, 16, 16], "texture": "#4"},
				"south": {"uv": [0, 0, 0.0625, 0.0625], "texture": "#4"},
				"west": {"uv": [0, 0, 0.6875, 0.1875], "texture": "#4"},
				"up": {"uv": [0, 0, 1.125, 0.0625], "rotation": 90, "texture": "#4"},
				"down": {"uv": [0, 0, 1.125, 0.0625], "rotation": 270, "texture": "#4"}
			}
		},
		{
			"from": [7.09375, 7, 13.65625],
			"to": [7.90625, 7.1875, 14.34375],
			"faces": {
				"north": {"uv": [0, 0, 0.1875, 0.125], "texture": "#4"},
				"east": {"uv": [0, 0, 16, 16], "texture": "#4"},
				"south": {"uv": [0, 0, 0.1875, 0.125], "texture": "#4"},
				"west": {"uv": [0, 0, 0.6875, 0.1875], "texture": "#4"},
				"up": {"uv": [0, 0, 1.125, 0.1875], "rotation": 90, "texture": "#4"},
				"down": {"uv": [0, 0, 1.125, 0.1875], "rotation": 270, "texture": "#4"}
			}
		},
		{
			"from": [6.90625, 6.3125, 13.65625],
			"to": [7.09375, 7, 14.34375],
			"faces": {
				"north": {"uv": [0, 0, 0.125, 0.1875], "texture": "#4"},
				"east": {"uv": [0, 0, 16, 16], "texture": "#4"},
				"south": {"uv": [0, 0, 0.125, 0.1875], "texture": "#4"},
				"west": {"uv": [1, 3, 9.688, 11.688], "texture": "#4"},
				"up": {"uv": [0, 0, 1.125, 0.125], "rotation": 90, "texture": "#4"},
				"down": {"uv": [0, 0, 1.125, 0.125], "rotation": 270, "texture": "#4"}
			}
		},
		{
			"from": [7.90625, 6.3125, 13.65625],
			"to": [8.09375, 7, 14.34375],
			"faces": {
				"north": {"uv": [0, 0, 0.125, 0.1875], "texture": "#4"},
				"east": {"uv": [0, 2, 10.688, 12.688], "rotation": 180, "texture": "#4"},
				"south": {"uv": [0, 0, 0.125, 0.1875], "texture": "#4"},
				"west": {"uv": [0, 0, 0.6875, 0.6875], "texture": "#4"},
				"up": {"uv": [0, 0, 1.125, 0.125], "rotation": 90, "texture": "#4"},
				"down": {"uv": [0, 0, 1.125, 0.125], "rotation": 270, "texture": "#4"}
			}
		},
		{
			"from": [7.15625, 7.0625, 13.65625],
			"to": [7.84375, 7.25, 14.34375],
			"faces": {
				"north": {"uv": [0, 0, 0.125, 0.1875], "rotation": 90, "texture": "#4"},
				"east": {"uv": [0, 0, 16, 16], "rotation": 180, "texture": "#4"},
				"south": {"uv": [0, 0, 0.125, 0.1875], "rotation": 270, "texture": "#4"},
				"west": {"uv": [0, 0, 0.6875, 0.1875], "rotation": 180, "texture": "#4"},
				"up": {"uv": [2, 2, 11, 12], "rotation": 270, "texture": "#4"},
				"down": {"uv": [0, 0, 1.125, 0.1875], "rotation": 270, "texture": "#4"}
			}
		},
		{
			"from": [7.09375, 6.125, 13.65625],
			"to": [7.90625, 6.3125, 14.34375],
			"faces": {
				"north": {"uv": [0, 0, 0.1875, 0.125], "texture": "#4"},
				"east": {"uv": [0, 6, 11, 9], "rotation": 180, "texture": "#4"},
				"south": {"uv": [0, 0, 0.1875, 0.125], "texture": "#4"},
				"west": {"uv": [0, 0, 0.6875, 0.1875], "texture": "#4"},
				"up": {"uv": [2, 4, 11, 12], "rotation": 90, "texture": "#4"},
				"down": {"uv": [0, 0, 1.125, 0.1875], "rotation": 270, "texture": "#4"}
			}
		},
		{
			"from": [7.15625, 6.0625, 13.65625],
			"to": [7.84375, 6.25, 14.34375],
			"faces": {
				"north": {"uv": [0, 0, 0.125, 0.1875], "rotation": 90, "texture": "#4"},
				"east": {"uv": [0, 6, 13, 9], "rotation": 180, "texture": "#4"},
				"south": {"uv": [0, 0, 0.125, 0.1875], "rotation": 270, "texture": "#4"},
				"west": {"uv": [0, 0, 0.6875, 0.1875], "rotation": 180, "texture": "#4"},
				"up": {"uv": [0, 0, 1.125, 0.1875], "rotation": 270, "texture": "#4"},
				"down": {"uv": [1, 3, 10, 12], "rotation": 270, "texture": "#4"}
			}
		},
		{
			"from": [7.125, 4.125, 4.25],
			"to": [7.875, 4.625, 4.75],
			"faces": {
				"north": {"uv": [0, 0, 0.75, 0.5], "texture": "#3"},
				"east": {"uv": [0, 0, 2, 2], "texture": "#3"},
				"south": {"uv": [0, 0, 0.75, 0.5], "texture": "#3"},
				"west": {"uv": [0, 0, 3.5, 3.5], "texture": "#3"},
				"up": {"uv": [0, 0, 0.75, 0.5], "texture": "#3"},
				"down": {"uv": [0, 0, 0.75, 0.5], "texture": "#3"}
			}
		},
		{
			"from": [7.125, 4.125, 4.75],
			"to": [7.875, 4.375, 5.5],
			"faces": {
				"north": {"uv": [0, 0, 0.75, 0.25], "texture": "#3"},
				"east": {"uv": [0, 0, 2.25, 1.75], "texture": "#3"},
				"south": {"uv": [0, 0, 0.75, 0.25], "texture": "#3"},
				"west": {"uv": [0, 0, 4.75, 2.75], "texture": "#3"},
				"up": {"uv": [0, 0, 3.25, 2.25], "texture": "#3"},
				"down": {"uv": [0, 0, 0.75, 0.75], "texture": "#3"}
			}
		},
		{
			"from": [7.125, 4.125, 5.5],
			"to": [7.875, 4.625, 6],
			"faces": {
				"north": {"uv": [0, 0, 0.75, 0.5], "texture": "#3"},
				"east": {"uv": [0, 0, 1.5, 1.5], "texture": "#3"},
				"south": {"uv": [0, 0, 0.75, 0.5], "texture": "#3"},
				"west": {"uv": [0, 0, 3, 3], "texture": "#3"},
				"up": {"uv": [0, 0, 0.75, 0.5], "texture": "#3"},
				"down": {"uv": [0, 0, 0.75, 0.5], "texture": "#3"}
			}
		},
		{
			"from": [7.125, 4.625, 5.75],
			"to": [7.875, 5.375, 6],
			"faces": {
				"north": {"uv": [0, 0, 2.25, 2.25], "texture": "#3"},
				"east": {"uv": [0, 0, 1.25, 3.25], "texture": "#3"},
				"south": {"uv": [0, 0, 0.75, 0.75], "texture": "#3"},
				"west": {"uv": [0, 0, 1.75, 5.25], "texture": "#3"},
				"up": {"uv": [0, 0, 0.75, 0.25], "texture": "#3"},
				"down": {"uv": [0, 0, 0.75, 0.25], "texture": "#3"}
			}
		},
		{
			"from": [7.125, 4.625, 4.25],
			"to": [7.875, 5.375, 4.5],
			"faces": {
				"north": {"uv": [0, 0, 0.75, 0.75], "texture": "#3"},
				"east": {"uv": [0, 0, 1.25, 3.75], "texture": "#3"},
				"south": {"uv": [0, 0, 3.25, 3.75], "texture": "#3"},
				"west": {"uv": [0, 0, 1.75, 4.25], "texture": "#3"},
				"up": {"uv": [0, 0, 0.75, 0.25], "texture": "#3"},
				"down": {"uv": [0, 0, 0.75, 0.25], "texture": "#3"}
			}
		},
		{
			"from": [7.125, 5.375, 5.5],
			"to": [7.875, 5.875, 6],
			"faces": {
				"north": {"uv": [0, 0, 0.75, 0.5], "texture": "#3"},
				"east": {"uv": [0, 0, 2, 2], "texture": "#3"},
				"south": {"uv": [0, 0, 0.75, 0.5], "texture": "#3"},
				"west": {"uv": [0, 0, 2.5, 2.5], "texture": "#3"},
				"up": {"uv": [0, 0, 0.75, 0.5], "texture": "#3"},
				"down": {"uv": [0, 0, 0.75, 0.5], "texture": "#3"}
			}
		},
		{
			"from": [7.125, 5.375, 4.25],
			"to": [7.875, 5.875, 4.75],
			"faces": {
				"north": {"uv": [0, 0, 0.75, 0.5], "texture": "#3"},
				"east": {"uv": [0, 0, 2, 2], "texture": "#3"},
				"south": {"uv": [0, 0, 0.75, 0.5], "texture": "#3"},
				"west": {"uv": [0, 0, 3, 3], "texture": "#3"},
				"up": {"uv": [0, 0, 0.75, 0.5], "texture": "#3"},
				"down": {"uv": [0, 0, 0.75, 0.5], "texture": "#3"}
			}
		},
		{
			"from": [7.125, 5.625, 4.75],
			"to": [7.875, 5.875, 5.5],
			"faces": {
				"north": {"uv": [0, 0, 0.75, 0.25], "texture": "#3"},
				"east": {"uv": [0, 0, 3.75, 1.75], "texture": "#3"},
				"south": {"uv": [0, 0, 0.75, 0.25], "texture": "#3"},
				"west": {"uv": [0, 0, 3.25, 1.75], "texture": "#3"},
				"up": {"uv": [0, 0, 0.75, 0.75], "texture": "#3"},
				"down": {"uv": [0, 0, 2.25, 2.25], "texture": "#3"}
			}
		},
		{
			"from": [7.125, 4.375, 5.375],
			"to": [7.875, 4.5, 5.5],
			"faces": {
				"north": {"uv": [0, 0, 0.75, 0.125], "texture": "#3"},
				"east": {"uv": [0, 0, 0.125, 0.125], "texture": "#3"},
				"south": {"uv": [0, 0, 0.75, 0.125], "texture": "#3"},
				"west": {"uv": [0, 0, 0.125, 0.125], "texture": "#3"},
				"up": {"uv": [0, 0, 0.75, 0.125], "texture": "#3"},
				"down": {"uv": [0, 0, 0.75, 0.125], "texture": "#3"}
			}
		},
		{
			"from": [7.125, 4.375, 4.75],
			"to": [7.875, 4.5, 4.875],
			"faces": {
				"north": {"uv": [0, 0, 0.75, 0.125], "texture": "#3"},
				"east": {"uv": [0, 0, 0.125, 0.125], "texture": "#3"},
				"south": {"uv": [0, 0, 0.75, 0.125], "texture": "#3"},
				"west": {"uv": [0, 0, 0.125, 0.125], "texture": "#3"},
				"up": {"uv": [0, 0, 0.75, 0.125], "texture": "#3"},
				"down": {"uv": [0, 0, 0.75, 0.125], "texture": "#3"}
			}
		},
		{
			"from": [7.125, 4.625, 4.5],
			"to": [7.875, 4.75, 4.625],
			"faces": {
				"north": {"uv": [0, 0, 0.75, 0.125], "texture": "#3"},
				"east": {"uv": [0, 0, 0.125, 0.125], "texture": "#3"},
				"south": {"uv": [0, 0, 0.75, 0.125], "texture": "#3"},
				"west": {"uv": [0, 0, 0.125, 0.125], "texture": "#3"},
				"up": {"uv": [0, 0, 0.75, 0.125], "texture": "#3"},
				"down": {"uv": [0, 0, 0.75, 0.125], "texture": "#3"}
			}
		},
		{
			"from": [7.125, 5.25, 4.5],
			"to": [7.875, 5.375, 4.625],
			"faces": {
				"north": {"uv": [0, 0, 0.75, 0.125], "texture": "#3"},
				"east": {"uv": [0, 0, 0.125, 0.125], "texture": "#3"},
				"south": {"uv": [0, 0, 0.75, 0.125], "texture": "#3"},
				"west": {"uv": [0, 0, 0.125, 0.125], "texture": "#3"},
				"up": {"uv": [0, 0, 0.75, 0.125], "texture": "#3"},
				"down": {"uv": [0, 0, 0.75, 0.125], "texture": "#3"}
			}
		},
		{
			"from": [7.125, 5.5, 4.75],
			"to": [7.875, 5.625, 4.875],
			"faces": {
				"north": {"uv": [0, 0, 0.75, 0.125], "texture": "#3"},
				"east": {"uv": [0, 0, 0.125, 0.125], "texture": "#3"},
				"south": {"uv": [0, 0, 0.75, 0.125], "texture": "#3"},
				"west": {"uv": [0, 0, 0.125, 0.125], "texture": "#3"},
				"up": {"uv": [0, 0, 0.75, 0.125], "texture": "#3"},
				"down": {"uv": [0, 0, 0.75, 0.125], "texture": "#3"}
			}
		},
		{
			"from": [7.125, 5.5, 5.375],
			"to": [7.875, 5.625, 5.5],
			"faces": {
				"north": {"uv": [0, 0, 0.75, 0.125], "texture": "#3"},
				"east": {"uv": [0, 0, 0.125, 0.125], "texture": "#3"},
				"south": {"uv": [0, 0, 0.75, 0.125], "texture": "#3"},
				"west": {"uv": [0, 0, 0.125, 0.125], "texture": "#3"},
				"up": {"uv": [0, 0, 0.75, 0.125], "texture": "#3"},
				"down": {"uv": [0, 0, 0.75, 0.125], "texture": "#3"}
			}
		},
		{
			"from": [7.125, 5.25, 5.625],
			"to": [7.875, 5.375, 5.75],
			"faces": {
				"north": {"uv": [0, 0, 0.75, 0.125], "texture": "#3"},
				"east": {"uv": [0, 0, 0.125, 0.125], "texture": "#3"},
				"south": {"uv": [0, 0, 0.75, 0.125], "texture": "#3"},
				"west": {"uv": [0, 0, 0.125, 0.125], "texture": "#3"},
				"up": {"uv": [0, 0, 0.75, 0.125], "texture": "#3"},
				"down": {"uv": [0, 0, 0.75, 0.125], "texture": "#3"}
			}
		},
		{
			"from": [7.125, 4.625, 5.625],
			"to": [7.875, 4.75, 5.75],
			"faces": {
				"north": {"uv": [0, 0, 0.75, 0.125], "texture": "#3"},
				"east": {"uv": [0, 0, 0.125, 0.125], "texture": "#3"},
				"south": {"uv": [0, 0, 0.75, 0.125], "texture": "#3"},
				"west": {"uv": [0, 0, 0.125, 0.125], "texture": "#3"},
				"up": {"uv": [0, 0, 0.75, 0.125], "texture": "#3"},
				"down": {"uv": [0, 0, 0.75, 0.125], "texture": "#3"}
			}
		},
		{
			"from": [6.9375, 1, 1.75],
			"to": [8.0625, 4.8125, 3.5],
			"rotation": {"angle": 22.5, "axis": "x", "origin": [7.5, 2.375, 2.25]},
			"faces": {
				"north": {"uv": [8, 3, 13.125, 15.813], "texture": "#5"},
				"east": {"uv": [0, 0, 8.313, 8.125], "texture": "#5"},
				"south": {"uv": [8, 2, 12.125, 15.813], "texture": "#5"},
				"west": {"uv": [5, 1, 11.75, 15.813], "texture": "#5"},
				"up": {"uv": [6, 3, 12.125, 12.75], "texture": "#5"},
				"down": {"uv": [5, 3, 11.125, 12.75], "texture": "#5"}
			}
		},
		{
			"from": [7, 4.62855, 2.17476],
			"to": [8, 4.75355, 3.48726],
			"rotation": {"angle": 22.5, "axis": "x", "origin": [7.5, 2.7223, 2.79976]},
			"faces": {
				"north": {"uv": [0, 0, 1, 0.125], "texture": "#5"},
				"east": {"uv": [0, 0, 8.313, 8.125], "texture": "#5"},
				"south": {"uv": [0, 0, 1, 0.125], "texture": "#5"},
				"west": {"uv": [0, 0, 1.3125, 0.125], "texture": "#5"},
				"up": {"uv": [0, 0, 1, 1.3125], "texture": "#5"},
				"down": {"uv": [0, 0, 1, 1.3125], "texture": "#5"}
			}
		},
		{
			"from": [7.0625, 4.75355, 2.48726],
			"to": [7.9375, 4.94105, 3.17476],
			"rotation": {"angle": 22.5, "axis": "x", "origin": [7.5, 2.7223, 2.79976]},
			"faces": {
				"north": {"uv": [0, 0, 0.875, 0.1875], "texture": "#5"},
				"east": {"uv": [0, 0, 0.6875, 0.1875], "texture": "#5"},
				"south": {"uv": [0, 0, 0.875, 0.1875], "texture": "#5"},
				"west": {"uv": [6, 3, 8.688, 4.188], "texture": "#5"},
				"up": {"uv": [0, 0, 0.875, 0.6875], "texture": "#5"},
				"down": {"uv": [0, 0, 0.875, 0.6875], "texture": "#5"}
			}
		},
		{
			"from": [7.125, 4.125, 2.875],
			"to": [7.875, 5.875, 4.25],
			"faces": {
				"north": {"uv": [0, 2.5, 4.25, 11.25], "texture": "#3"},
				"east": {"uv": [0, 0, 4.375, 5.75], "texture": "#3"},
				"south": {"uv": [0, 0, 0.75, 1.75], "texture": "#3"},
				"west": {"uv": [0, 0, 3.375, 4.75], "texture": "#3"},
				"up": {"uv": [0, 0, 0.75, 1.375], "texture": "#3"},
				"down": {"uv": [0, 0, 0.75, 1.375], "texture": "#3"}
			}
		},
		{
			"from": [7.125, 5.875, 3.125],
			"to": [7.875, 6.25, 13.5],
			"faces": {
				"north": {"uv": [0, 0, 4.75, 1.875], "texture": "#3"},
				"east": {"uv": [0, 0, 15.375, 1.375], "texture": "#3"},
				"south": {"uv": [0, 0, 0.75, 0.375], "texture": "#3"},
				"west": {"uv": [0, 0, 15.375, 1.375], "texture": "#3"},
				"up": {"uv": [0, 0, 0.75, 10.375], "texture": "#3"},
				"down": {"uv": [0, 0, 0.75, 10.375], "texture": "#3"}
			}
		},
		{
			"from": [7.125, 4.125, 2.625],
			"to": [7.875, 5.375, 3],
			"faces": {
				"north": {"uv": [11.5, 8.5, 15.75, 15.75], "texture": "#3"},
				"east": {"uv": [0, 0, 1.875, 3.25], "texture": "#3"},
				"south": {"uv": [0, 0, 0.75, 1.25], "texture": "#3"},
				"west": {"uv": [0, 0, 0.375, 1.25], "texture": "#3"},
				"up": {"uv": [0, 0, 0.75, 0.375], "texture": "#3"},
				"down": {"uv": [0, 0, 0.75, 0.375], "texture": "#3"}
			}
		},
		{
			"from": [7.125, 6.25, 3],
			"to": [7.875, 6.875, 3.3125],
			"faces": {
				"north": {"uv": [0, 8, 2.25, 10.125], "texture": "#3"},
				"east": {"uv": [0, 0, 2.813, 4.125], "texture": "#3"},
				"south": {"uv": [0, 0, 0.75, 0.625], "texture": "#3"},
				"west": {"uv": [0, 0, 2.813, 4.125], "texture": "#3"},
				"up": {"uv": [10.5, 11, 15.75, 13.813], "texture": "#3"},
				"down": {"uv": [0, 0, 0.75, 0.3125], "texture": "#3"}
			}
		},
		{
			"from": [6.9375, 6.25, 3.3125],
			"to": [8.0625, 7.375, 8.4375],
			"faces": {
				"north": {"uv": [1.5, 7, 5.625, 11.125], "texture": "#3"},
				"east": {"uv": [0, 0, 14.125, 3.625], "texture": "#3"},
				"south": {"uv": [0, 0, 1.125, 1.125], "texture": "#3"},
				"west": {"uv": [0, 0, 12.625, 3.625], "texture": "#3"},
				"up": {"uv": [0, 0, 3.125, 13.125], "texture": "#3"},
				"down": {"uv": [0, 0, 1.125, 5.125], "texture": "#3"}
			}
		},
		{
			"from": [7.6875, 7.375, 3.3125],
			"to": [7.9375, 8, 5.3125],
			"faces": {
				"north": {"uv": [0, 0, 1.25, 5.125], "texture": "#3"},
				"east": {"uv": [10, 1.5, 16, 4.625], "texture": "#3"},
				"south": {"uv": [0, 0, 0.25, 0.625], "texture": "#3"},
				"west": {"uv": [0, 0, 2, 0.625], "texture": "#3"},
				"up": {"uv": [0, 0, 0.75, 5], "texture": "#3"},
				"down": {"uv": [0, 0, 0.25, 2], "texture": "#3"}
			}
		},
		{
			"from": [7.6875, 7.6875, 2.9375],
			"to": [8, 8.3125, 3.3125],
			"faces": {
				"north": {"uv": [0, 0, 2.813, 3.625], "texture": "#3"},
				"east": {"uv": [1.5, 10, 3.375, 13.125], "texture": "#3"},
				"south": {"uv": [0, 0, 0.3125, 0.625], "texture": "#3"},
				"west": {"uv": [0, 0, 2.375, 3.625], "texture": "#3"},
				"up": {"uv": [0, 0, 1.5, 1.5], "texture": "#3"},
				"down": {"uv": [0, 0, 0.3125, 0.375], "texture": "#3"}
			}
		},
		{
			"from": [7.0625, 7.375, 3.3125],
			"to": [7.3125, 8, 5.3125],
			"faces": {
				"north": {"uv": [1.5, 9, 3.75, 13.125], "texture": "#3"},
				"east": {"uv": [0.5, 10, 7.5, 12.125], "texture": "#3"},
				"south": {"uv": [0, 0, 0.25, 0.625], "texture": "#3"},
				"west": {"uv": [2.5, 7, 10.5, 9.625], "texture": "#3"},
				"up": {"uv": [0, 0, 1.75, 8.5], "texture": "#3"},
				"down": {"uv": [0, 0, 0.25, 2], "texture": "#3"}
			}
		},
		{
			"from": [7.6875, 8, 3.3125],
			"to": [8, 8.3125, 3.6875],
			"faces": {
				"north": {"uv": [0, 0, 0.3125, 0.3125], "texture": "#3"},
				"east": {"uv": [0, 0, 2, 2.5], "texture": "#3"},
				"south": {"uv": [0, 0, 0.3125, 0.3125], "texture": "#3"},
				"west": {"uv": [0, 0, 0.375, 0.3125], "texture": "#3"},
				"up": {"uv": [1, 8.5, 2.5, 10], "texture": "#3"},
				"down": {"uv": [0, 0, 0.3125, 0.375], "texture": "#3"}
			}
		},
		{
			"from": [7, 7.6875, 2.9375],
			"to": [7.3125, 8.3125, 3.3125],
			"faces": {
				"north": {"uv": [0, 0, 2.313, 3.125], "texture": "#3"},
				"east": {"uv": [2, 4, 4.875, 9.625], "texture": "#3"},
				"south": {"uv": [0, 0, 0.3125, 0.625], "texture": "#3"},
				"west": {"uv": [0, 0, 2.375, 4.125], "texture": "#3"},
				"up": {"uv": [1, 7.5, 3, 9.5], "texture": "#3"},
				"down": {"uv": [0, 0, 0.3125, 0.375], "texture": "#3"}
			}
		},
		{
			"from": [7, 8, 3.3125],
			"to": [7.3125, 8.3125, 3.6875],
			"faces": {
				"north": {"uv": [0, 0, 0.3125, 0.3125], "texture": "#3"},
				"east": {"uv": [1, 6, 3.5, 8.5], "texture": "#3"},
				"south": {"uv": [0, 0, 0.3125, 0.3125], "texture": "#3"},
				"west": {"uv": [12, 13, 14.5, 15.5], "texture": "#3"},
				"up": {"uv": [12, 8.5, 14, 10.5], "texture": "#3"},
				"down": {"uv": [0, 0, 0.3125, 0.375], "texture": "#3"}
			}
		},
		{
			"from": [7, 6.375, 2.75],
			"to": [8, 6.5, 2.9375],
			"faces": {
				"north": {"uv": [0, 0, 1, 0.125], "texture": "#3"},
				"east": {"uv": [0, 0, 0.1875, 0.125], "texture": "#3"},
				"south": {"uv": [0, 0, 1, 0.125], "texture": "#3"},
				"west": {"uv": [0, 0, 0.1875, 0.125], "texture": "#3"},
				"up": {"uv": [0, 0, 1, 0.1875], "texture": "#3"},
				"down": {"uv": [0, 0, 1, 0.1875], "texture": "#3"}
			}
		},
		{
			"from": [7, 6.5, 2.625],
			"to": [8, 6.6875, 2.75],
			"faces": {
				"north": {"uv": [0, 0, 8.5, 1.188], "texture": "#3"},
				"east": {"uv": [0, 0, 0.125, 0.1875], "texture": "#3"},
				"south": {"uv": [0, 0, 1, 0.1875], "texture": "#3"},
				"west": {"uv": [0, 0, 0.125, 0.1875], "texture": "#3"},
				"up": {"uv": [0, 0, 1, 0.125], "texture": "#3"},
				"down": {"uv": [0, 0, 1, 0.125], "texture": "#3"}
			}
		},
		{
			"from": [7, 6.4375, 2.6875],
			"to": [8, 6.5, 2.75],
			"faces": {
				"north": {"uv": [0, 0, 1, 0.0625], "texture": "#3"},
				"east": {"uv": [0, 0, 0.0625, 0.0625], "texture": "#3"},
				"south": {"uv": [0, 0, 1, 0.0625], "texture": "#3"},
				"west": {"uv": [0, 0, 0.0625, 0.0625], "texture": "#3"},
				"up": {"uv": [0, 0, 1, 0.0625], "texture": "#3"},
				"down": {"uv": [0, 0, 1, 0.0625], "texture": "#3"}
			}
		},
		{
			"from": [7, 6.5, 2.75],
			"to": [8, 6.6875, 2.9375],
			"faces": {
				"north": {"uv": [0, 0, 1, 0.1875], "texture": "#3"},
				"east": {"uv": [0, 0, 1.5, 1.5], "texture": "#3"},
				"south": {"uv": [0, 0, 1, 0.1875], "texture": "#3"},
				"west": {"uv": [0, 0, 2.5, 2.5], "texture": "#3"},
				"up": {"uv": [0, 0, 1, 0.1875], "texture": "#3"},
				"down": {"uv": [0, 0, 1, 0.1875], "texture": "#3"}
			}
		},
		{
			"from": [7, 6.4375, 2.9375],
			"to": [8, 6.5, 3],
			"faces": {
				"north": {"uv": [0, 0, 1, 0.0625], "texture": "#3"},
				"east": {"uv": [0, 0, 0.0625, 0.0625], "texture": "#3"},
				"south": {"uv": [0, 0, 1, 0.0625], "texture": "#3"},
				"west": {"uv": [0, 0, 0.0625, 0.0625], "texture": "#3"},
				"up": {"uv": [0, 0, 1, 0.0625], "texture": "#3"},
				"down": {"uv": [0, 0, 1, 0.0625], "texture": "#3"}
			}
		},
		{
			"from": [7, 6.5, 2.9375],
			"to": [8, 6.6875, 3.0625],
			"faces": {
				"north": {"uv": [0, 0, 1, 0.1875], "texture": "#3"},
				"east": {"uv": [0, 0, 0.125, 0.1875], "texture": "#3"},
				"south": {"uv": [0, 0, 1, 0.1875], "texture": "#3"},
				"west": {"uv": [0, 0, 0.125, 0.1875], "texture": "#3"},
				"up": {"uv": [0, 0, 1, 0.125], "texture": "#3"},
				"down": {"uv": [0, 0, 1, 0.125], "texture": "#3"}
			}
		},
		{
			"from": [7, 6.6875, 2.9375],
			"to": [8, 6.75, 3],
			"faces": {
				"north": {"uv": [0, 0, 1, 0.0625], "texture": "#3"},
				"east": {"uv": [0, 0, 0.0625, 0.0625], "texture": "#3"},
				"south": {"uv": [0, 0, 1, 0.0625], "texture": "#3"},
				"west": {"uv": [0, 0, 0.0625, 0.0625], "texture": "#3"},
				"up": {"uv": [0, 0, 1, 0.0625], "texture": "#3"},
				"down": {"uv": [0, 0, 1, 0.0625], "texture": "#3"}
			}
		},
		{
			"from": [7, 6.6875, 2.6875],
			"to": [8, 6.75, 2.75],
			"faces": {
				"north": {"uv": [0, 0, 1, 0.0625], "texture": "#3"},
				"east": {"uv": [0, 0, 0.0625, 0.0625], "texture": "#3"},
				"south": {"uv": [0, 0, 1, 0.0625], "texture": "#3"},
				"west": {"uv": [0, 0, 0.0625, 0.0625], "texture": "#3"},
				"up": {"uv": [0, 0, 1, 0.0625], "texture": "#3"},
				"down": {"uv": [0, 0, 1, 0.0625], "texture": "#3"}
			}
		},
		{
			"from": [7, 6.6875, 2.75],
			"to": [8, 6.8125, 2.9375],
			"faces": {
				"north": {"uv": [0, 0, 1, 0.125], "texture": "#3"},
				"east": {"uv": [0, 0, 0.1875, 0.125], "texture": "#3"},
				"south": {"uv": [0, 0, 1, 0.125], "texture": "#3"},
				"west": {"uv": [0, 0, 0.1875, 0.125], "texture": "#3"},
				"up": {"uv": [0, 0, 6.5, 1.5], "texture": "#3"},
				"down": {"uv": [0, 0, 1, 0.1875], "texture": "#3"}
			}
		},
		{
			"from": [7.125, 5.25, 10.1875],
			"to": [7.875, 5.875, 11.4375],
			"faces": {
				"north": {"uv": [0, 0, 0.75, 0.625], "texture": "#3"},
				"east": {"uv": [8, 9, 11.25, 10.625], "texture": "#3"},
				"south": {"uv": [0, 0, 0.75, 0.625], "texture": "#3"},
				"west": {"uv": [0, 0, 1.25, 0.625], "texture": "#3"},
				"up": {"uv": [0, 0, 0.75, 1.25], "texture": "#3"},
				"down": {"uv": [0, 0, 0.75, 1.25], "texture": "#3"}
			}
		},
		{
			"from": [7.125, 4.125, 6],
			"to": [7.875, 5.875, 8],
			"faces": {
				"north": {"uv": [0, 0, 0.75, 1.75], "texture": "#3"},
				"east": {"uv": [0, 0, 6, 5.75], "texture": "#3"},
				"south": {"uv": [0, 0, 0.75, 1.75], "texture": "#3"},
				"west": {"uv": [0, 0, 5, 3.75], "texture": "#3"},
				"up": {"uv": [0, 0, 0.75, 2], "texture": "#3"},
				"down": {"uv": [0, 0, 0.75, 2], "texture": "#3"}
			}
		},
		{
			"from": [7.125, 4.375, 8],
			"to": [7.875, 5.875, 8.4375],
			"faces": {
				"north": {"uv": [0, 0, 0.75, 1.5], "texture": "#3"},
				"east": {"uv": [14, 10, 15.438, 14.5], "texture": "#3"},
				"south": {"uv": [0, 0, 0.75, 1.5], "texture": "#3"},
				"west": {"uv": [0, 0, 0.4375, 1.5], "texture": "#3"},
				"up": {"uv": [0, 0, 0.75, 0.4375], "texture": "#3"},
				"down": {"uv": [0, 0, 0.75, 0.4375], "texture": "#3"}
			}
		},
		{
			"from": [7.125, 4.625, 8.4375],
			"to": [7.875, 5.875, 8.8125],
			"faces": {
				"north": {"uv": [0, 0, 0.75, 1.25], "texture": "#3"},
				"east": {"uv": [0, 0, 1.375, 4.75], "texture": "#3"},
				"south": {"uv": [0, 0, 0.75, 1.25], "texture": "#3"},
				"west": {"uv": [0, 0, 0.375, 1.25], "texture": "#3"},
				"up": {"uv": [0, 0, 0.75, 0.375], "texture": "#3"},
				"down": {"uv": [0, 0, 0.75, 0.375], "texture": "#3"}
			}
		},
		{
			"from": [7.125, 3.875, 6],
			"to": [7.875, 4.125, 6.75],
			"faces": {
				"north": {"uv": [0, 0, 0.75, 0.25], "texture": "#3"},
				"east": {"uv": [0, 0, 5.75, 2.25], "texture": "#3"},
				"south": {"uv": [0, 0, 0.75, 0.25], "texture": "#3"},
				"west": {"uv": [0, 0, 0.75, 0.25], "texture": "#3"},
				"up": {"uv": [0, 0, 0.75, 0.75], "texture": "#3"},
				"down": {"uv": [0, 0, 0.75, 0.75], "texture": "#3"}
			}
		},
		{
			"from": [7.125, 3.8125, 6.75],
			"to": [7.875, 4.125, 7.625],
			"faces": {
				"north": {"uv": [0, 0, 0.75, 0.3125], "texture": "#3"},
				"east": {"uv": [0, 0, 0.875, 0.3125], "texture": "#3"},
				"south": {"uv": [0, 0, 0.75, 0.3125], "texture": "#3"},
				"west": {"uv": [0, 0, 0.875, 0.3125], "texture": "#3"},
				"up": {"uv": [0, 0, 0.75, 0.875], "texture": "#3"},
				"down": {"uv": [0, 0, 0.75, 0.875], "texture": "#3"}
			}
		},
		{
			"from": [7.125, 4.875, 8.8125],
			"to": [7.875, 5.875, 9.5],
			"faces": {
				"north": {"uv": [0, 0, 0.75, 1], "texture": "#3"},
				"east": {"uv": [0, 0, 2.688, 4], "texture": "#3"},
				"south": {"uv": [0, 0, 0.75, 1], "texture": "#3"},
				"west": {"uv": [0, 0, 1.688, 3], "texture": "#3"},
				"up": {"uv": [0, 0, 0.75, 0.6875], "texture": "#3"},
				"down": {"uv": [0, 0, 0.75, 0.6875], "texture": "#3"}
			}
		},
		{
			"from": [7.125, 5.125, 9.5],
			"to": [7.875, 5.875, 10.1875],
			"faces": {
				"north": {"uv": [0, 0, 0.75, 0.75], "texture": "#3"},
				"east": {"uv": [13, 7, 15.688, 10.75], "texture": "#3"},
				"south": {"uv": [0, 0, 0.75, 0.75], "texture": "#3"},
				"west": {"uv": [0, 0, 3.688, 3.75], "texture": "#3"},
				"up": {"uv": [0, 0, 0.75, 0.6875], "texture": "#3"},
				"down": {"uv": [0, 0, 0.75, 0.6875], "texture": "#3"}
			}
		},
		{
			"from": [7.375, 5.4375, 11.4375],
			"to": [7.625, 5.6875, 11.625],
			"faces": {
				"north": {"uv": [0, 0, 0.25, 0.25], "texture": "#3"},
				"east": {"uv": [0, 0, 0.1875, 0.25], "texture": "#3"},
				"south": {"uv": [0, 0, 0.25, 0.25], "texture": "#3"},
				"west": {"uv": [0, 0, 0.1875, 0.25], "texture": "#3"},
				"up": {"uv": [0, 0, 0.25, 0.1875], "texture": "#3"},
				"down": {"uv": [0, 0, 0.25, 0.1875], "texture": "#3"}
			}
		}
	],
	"display": {
		"thirdperson_righthand": {
			"rotation": [0, 180, 0],
			"translation": [-0.75, 3.25, -5]
		},
		"thirdperson_lefthand": {
			"rotation": [0, 180, 0],
			"translation": [0.25, 3.25, -4.75]
		},
		"firstperson_righthand": {
			"rotation": [0, 180, 0],
			"translation": [-3, 7.5, 0.5]
		},
		"firstperson_lefthand": {
			"rotation": [0, 180, 0],
			"translation": [-3, 7.5, 0.5]
		},
		"gui": {
			"rotation": [-83, 73, 86],
			"translation": [-1.75, 3.75, 0],
			"scale": [1.25, 1.25, 1.25]
		},
		"fixed": {
			"rotation": [0, -90, 0],
			"translation": [1, 3.75, 0],
			"scale": [1.25, 1.25, 1.25]
		}
	},
	"groups": [
		{
			"name": "barrel",
			"origin": [8, 8, 8],
			"color": 0,
			"children": [
				{
					"name": "barreltip",
					"origin": [8, 8, 8],
					"color": 0,
					"children": [0, 1, 2, 3, 4, 5, 6, 7, 8, 9, 10, 11, 12, 13, 14, 15, 16, 17, 18, 19, 20]
				},
				{
					"name": "barrelCone",
					"origin": [8, 8, 8],
					"color": 0,
					"children": [21, 22, 23, 24, 25, 26, 27, 28, 29, 30, 31, 32, 33, 34, 35, 36, 37, 38, 39, 40]
				},
				{
					"name": "barrelMain",
					"origin": [8, 8, 8],
					"color": 0,
					"children": [41, 42, 43, 44, 45, 46, 47, 48, 49, 50, 51, 52]
				}
			]
		},
		{
			"name": "frontRing",
			"origin": [8, 8, 8],
			"color": 0,
			"children": [53, 54, 55, 56, 57, 58, 59, 60, 61, 62, 63, 64]
		},
		{
			"name": "trigger hole",
			"origin": [8, 8, 8],
			"color": 0,
			"children": [65, 66, 67, 68, 69, 70, 71, 72, 73, 74, 75, 76, 77, 78, 79, 80]
		},
		{
			"name": "wood handle",
			"origin": [8, 8, 8],
			"color": 0,
			"children": [81, 82, 83]
		},
		{
			"name": "mainBody",
			"origin": [8, 8, 8],
			"color": 0,
			"children": [
				84,
				85,
				86,
				87,
				88,
				89,
				90,
				91,
				92,
				93,
				94,
				{
					"name": "littlecircleatback",
					"origin": [8, 8, 8],
					"color": 0,
					"children": [95, 96, 97, 98, 99, 100, 101, 102, 103]
				},
				{
					"name": "front",
					"origin": [8, 8, 8],
					"color": 0,
					"children": [104, 105, 106, 107, 108, 109, 110, 111, 112]
				}
			]
		}
	]
}