{
	"credit": "Made with Blockbench",
	"texture_size": [32, 32],
	"textures": {
		"0": "block/saphire",
		"particle": "block/saphire"
	},
	"elements": [
		{
			"from": [4, -4, 7],
			"to": [20, 4, 9],
			"rotation": {"angle": 45, "axis": "z", "origin": [0, 0, 0]},
			"faces": {
				"north": {"uv": [0, 0, 8, 4], "texture": "#0"},
				"east": {"uv": [8, 1, 9, 5], "texture": "#0"},
				"south": {"uv": [0, 4, 8, 8], "texture": "#0"},
				"west": {"uv": [8, 5, 9, 9], "texture": "#0"},
				"up": {"uv": [8, 9, 0, 8], "texture": "#0"},
				"down": {"uv": [16, 0, 8, 1], "texture": "#0"}
			}
		}
	],
	"display": {
		"thirdperson_righthand": {
			"scale": [0.29, 1.63, 2.01]
		},
		"thirdperson_lefthand": {
			"scale": [0.29, 1.63, 2.01]
		},
		"firstperson_righthand": {
			"scale": [0.29, 1.63, 2.01]
		},
		"firstperson_lefthand": {
			"scale": [0.29, 1.63, 2.01]
		},
		"ground": {
			"scale": [0.29, 1.63, 2.01]
		},
		"gui": {
			"rotation": [0, 12, 0],
			"scale": [0.29, 1.63, 2.01]
		},
		"head": {
			"scale": [0.29, 1.63, 2.01]
		},
		"fixed": {
			"scale": [0.29, 1.63, 2.01]
		}
	}
}