{
	"credit": "Made with Blockbench",
	"textures": {
		"0": "block/red",
		"particle": "block/red"
	},
	"elements": [
		{
			"from": [7, 1, 7],
			"to": [9, 3, 9],
			"faces": {
				"north": {"uv": [0, 0, 2, 2], "texture": "#0"},
				"east": {"uv": [0, 0, 2, 2], "texture": "#0"},
				"south": {"uv": [0, 0, 2, 2], "texture": "#0"},
				"west": {"uv": [0, 0, 2, 2], "texture": "#0"},
				"up": {"uv": [0, 0, 2, 2], "texture": "#0"},
				"down": {"uv": [0, 0, 2, 2], "texture": "#0"}
			}
		}
	],
	"display": {
		"head": {
			"translation": [0, 13, 0],
			"scale": [1.75, 1.75, 1.75]
		}
	}
}